id,c_reg,c_raj,name,name_raj,c_sti
data_ti_sprsti_1,1,2,"ГЕНIЧЕСЬКА ОДПI(ВЕЗ КРИМ,  М. АЛУШТА)",М.АЛУШТА,102
data_ti_sprsti_2,1,3,"ГЕНIЧЕСЬКА ОДПI(ВЕЗ КРИМ, М. АРМЯНСЬК)",М.АРМЯНСЬК,103
data_ti_sprsti_3,1,4,"ГЕНIЧЕСЬКА ОДПI(ВЕЗ КРИМ, М. ДЖАНКОЙ)",М.ДЖАНКОЙ/ДЖАНКОЙСЬКИЙ Р-Н,104
data_ti_sprsti_4,1,5,"ГЕНIЧЕСЬКА ОДПI(ВЕЗ КРИМ, М. ЄВПАТОРIЯ)",М.ЄВПАТОРIЯ,105
data_ti_sprsti_5,1,6,"ГЕНIЧЕСЬКА ОДПI(ВЕЗ КРИМ , М. КЕРЧ)",М.КЕРЧ,106
data_ti_sprsti_6,1,7,"ГЕНIЧЕСЬКА ОДПI(ВЕЗ КРИМ, М. КРАСНОПЕРЕКОПСЬК)",М.КРАСНОПЕРЕКОПСЬК,107
data_ti_sprsti_7,1,8,"ГЕНIЧЕСЬКА ОДПI(ВЕЗ КРИМ, М. САКИ)",М.САКИ,108
data_ti_sprsti_8,1,9,"ГЕНIЧЕСЬКА ОДПI(ВЕЗ КРИМ ,  М.СIМФЕРОПОЛЬ)",М.СIМФЕРОПОЛЬ,109
data_ti_sprsti_9,1,10,"ГЕНIЧЕСЬКА ОДПI(ВЕЗ КРИМ, М. СУДАК)",М.СУДАК,110
data_ti_sprsti_10,1,11,"ГЕНIЧЕСЬКА ОДПI(ВЕЗ КРИМ, М. ФЕОДОСIЯ)",М.ФЕОДОСIЯ,111
data_ti_sprsti_11,1,12,"ГЕНIЧЕСЬКА ОДПI(ВЕЗ КРИМ,  М. ЯЛТА)",М.ЯЛТА,112
data_ti_sprsti_12,1,13,"ГЕНIЧЕСЬКА ОДПI(ВЕЗ КРИМ, М. БАХЧИСАРАЙ/БАХЧИС.Р-Н)",БАХЧИСАРАЙСЬКИЙ Р-Н,113
data_ti_sprsti_13,1,14,"ГЕНIЧЕСЬКА ОДПI(ВЕЗ КРИМ, М. БIЛОГIРСЬК/БIЛОГIР.Р-Н)",БIЛОГIРСЬКИЙ Р-Н,114
data_ti_sprsti_14,1,15,ГЕНIЧЕСЬКА ОДПI(ВЕЗ КРИМ (ДЖАНКОЙСЬКИЙ Р-Н)),ДЖАНКОЙСЬКИЙ Р-Н,115
data_ti_sprsti_15,1,16,"ГЕНIЧЕСЬКА ОДПI(ВЕЗ КРИМ, КIРОВСЬКИЙ Р-Н)",КIРОВСЬКИЙ Р-Н,116
data_ti_sprsti_16,1,17,"ГЕНIЧЕСЬКА ОДПI(ВЕЗ КРИМ, КРАСНОГВАРДIЙСЬКИЙ Р-Н)",КРАСНОГВАРДIЙСЬКИЙ Р-Н,117
data_ti_sprsti_17,1,18,ГЕНIЧЕСЬКА ОДПI(ВЕЗ КРИМ (КРАСНОПЕРЕКОПСЬКИЙ Р-Н),КРАСНОПЕРЕКОПСЬКИЙ Р-Н,118
data_ti_sprsti_18,1,19,"ГЕНIЧЕСЬКА ОДПI(ВЕЗ КРИМ,  ЛЕНIНСЬКИЙ Р-Н)",ЛЕНIНСЬКИЙ Р-Н,119
data_ti_sprsti_19,1,20,"ГЕНIЧЕСЬКА ОДПI(ВЕЗ КРИМ,  НИЖНЬОГIРСЬКИЙ Р-Н)",НИЖНЬОГIРСЬКИЙ Р-Н,120
data_ti_sprsti_20,1,21,"ГЕНIЧЕСЬКА ОДПI(ВЕЗ КРИМ, ПЕРВОМАЙСЬКИЙ Р-Н)",ПЕРВОМАЙСЬКИЙ Р-Н,121
data_ti_sprsti_21,1,22,"ГЕНIЧЕСЬКА ОДПI(ВЕЗ КРИМ, РОЗДОЛЬНЕНСЬКИЙ Р-Н)",РОЗДОЛЬНЕНСЬКИЙ Р-Н,122
data_ti_sprsti_22,1,23,ГЕНIЧЕСЬКА ОДПI(ВЕЗ КРИМ САКСЬКИЙ Р-Н),САКСЬКИЙ Р-Н,123
data_ti_sprsti_23,1,24,"ГЕНIЧЕСЬКА ОДПI(ВЕЗ КРИМ, СIМФЕРОПОЛЬСЬКИЙ Р-Н)",СIМФЕРОПОЛЬСЬКИЙ Р-Н,124
data_ti_sprsti_24,1,25,"ГЕНIЧЕСЬКА ОДПI(ВЕЗ КРИМ,  СОВЄТСЬКИЙ Р-Н)",СОВЄТСЬКИЙ Р-Н,125
data_ti_sprsti_25,1,26,"ГЕНIЧЕСЬКА ОДПI(ВЕЗ КРИМ,  ЧОРНОМОРСЬКИЙ Р-Н)",ЧОРНОМОРСЬКИЙ Р-Н,126
data_ti_sprsti_26,1,27,ДПI У М.СIМФЕРОПОЛЬ,ЗАЛIЗНИЧНИЙ Р-Н М.СIМФЕРОПОЛЯ,109
data_ti_sprsti_27,1,28,ДПI У М.СIМФЕРОПОЛЬ,КИЇВСЬКИЙ Р-Н М.СIМФЕРОПОЛЯ,109
data_ti_sprsti_28,1,29,ДПI У М.СIМФЕРОПОЛЬ,ЦЕНТРАЛЬНИЙ Р-Н М.СIМФЕРОПОЛЯ,109
data_ti_sprsti_29,1,30,СДПI ВПП В М.СIМФЕРОПОЛI,М.СIМФЕРОПОЛЬ,130
data_ti_sprsti_30,2,1,ЖМЕРИНСЬКА ОДПI ГУ ДФС (БАРСЬКЕ ВIД-НЯ),БАРСЬКИЙ Р-Н,201
data_ti_sprsti_31,2,2,ГАЙСИНСЬКА ОДПI  ГУ ДФС  (БЕРШАДСЬКЕ ВIД-НЯ),БЕРШАДСЬКИЙ Р-Н,202
data_ti_sprsti_32,2,3,ВIННИЦЬКА ОДПI ГУ ДФС (ВIННИЦЬКЕ РАЙОННЕ ВIД-НЯ),ВIННИЦЬКИЙ Р-Н,203
data_ti_sprsti_33,2,4,ГАЙСИНСЬКА ОДПI ГУ ДФС У ВIННИЦЬКIЙ ОБЛАСТI,ГАЙСИНСЬКИЙ Р-Н,204
data_ti_sprsti_34,2,5,ЖМЕРИНСЬКА ОДПI ГУ ДФС У ВIННИЦЬКIЙ ОБЛАСТI,ЖМЕРИНСЬКИЙ Р-Н,205
data_ti_sprsti_35,2,6,НЕМИРIВСЬКА ОДПI ГУ ДФС (IЛЛIНЕЦЬКЕ ВIД-НЯ),IЛЛIНЕЦЬКИЙ Р-Н,206
data_ti_sprsti_36,2,7,КАЛИНIВСЬКА  ОДПI ГУ ДФС (КАЛИНIВСЬКЕ ВIД-НЯ),КАЛИНIВСЬКИЙ Р-Н,207
data_ti_sprsti_37,2,8,КАЛИНIВСЬКА ОДПI ГУ ДФС У ВIННИЦЬКIЙ ОБЛАСТI,КОЗЯТИНСЬКИЙ Р-Н,208
data_ti_sprsti_38,2,9,МОГИЛIВ-ПОДIЛЬСЬКА ОДПI ГУ ДФС (КРИЖОПIЛЬСЬКЕ ВIД-НЯ),КРИЖОПIЛЬСЬКИЙ Р-Н,209
data_ti_sprsti_39,2,10,НЕМИРIВСЬКА ОДПI ГУ ДФС (ЛИПОВЕЦЬКЕ ВIД-НЯ),ЛИПОВЕЦЬКИЙ Р-Н,210
data_ti_sprsti_40,2,11,КАЛИНIВСЬКА ОДПI ГУ ДФС (ЛIТИНСЬКЕ ВIД-НЯ),ЛIТИНСЬКИЙ Р-Н,211
data_ti_sprsti_41,2,12,МОГИЛIВ-ПОДIЛЬСЬКА ОДПI ГУ ДФС У ВIННИЦЬКIЙ ОБЛАСТI,МОГИЛIВ-ПОДIЛЬСЬКИЙ Р-Н,212
data_ti_sprsti_42,2,13,ЖМЕРИНСЬКА ОДПI ГУ ДФС (МУРОВАНОКУРИЛОВЕЦЬКЕ ВIД-НЯ),МУРОВАНОКУРИЛОВЕЦЬКИЙ Р-Н,213
data_ti_sprsti_43,2,14,НЕМИРIВСЬКА ОДПI ГУ ДФС У ВIННИЦЬКIЙ ОБЛАСТI,НЕМИРIВСЬКИЙ Р-Н,214
data_ti_sprsti_44,2,15,НЕМИРIВСЬКА ОДПI ГУ ДФС (ОРАТIВСЬКЕ ВIД-НЯ),ОРАТIВСЬКИЙ Р-Н,215
data_ti_sprsti_45,2,16,МОГИЛIВ-ПОДIЛЬСЬКА ОДПI ГУ ДФС (ПIЩАНСЬКЕ ВIД-НЯ),ПIЩАНСЬКИЙ Р-Н,216
data_ti_sprsti_46,2,17,КАЛИНIВСЬКА  ОДПI ГУ ДФС (ПОГРЕБИЩЕНСЬКЕ ВIД-НЯ),ПОГРЕБИЩЕНСЬКИЙ Р-Н,217
data_ti_sprsti_47,2,18,ГАЙСИНСЬКА ОДПI  ГУ ДФС  (ТЕПЛИЦЬКЕ ВIД-НЯ),ТЕПЛИЦЬКИЙ Р-Н,218
data_ti_sprsti_48,2,19,МОГИЛIВ-ПОДIЛЬСЬКА ОДПI ГУ ДФС (ТОМАШПIЛЬСЬКЕ ВIД-НЯ),ТОМАШПIЛЬСЬКИЙ Р-Н,219
data_ti_sprsti_49,2,20,ГАЙСИНСЬКА ОДПI ГУ ДФС (ТРОСТЯНЕЦЬКЕ ВIД-НЯ),ТРОСТЯНЕЦЬКИЙ Р-Н,220
data_ti_sprsti_50,2,21,ВIННИЦЬКА ОДПI ГУ ДФС (ТИВРIВСЬКЕ ВIД-НЯ),ТИВРIВСЬКИЙ Р-Н,221
data_ti_sprsti_51,2,22,НЕМИРIВСЬКА ОДПI ГУ ДФС (ТУЛЬЧИНСЬКЕ ВIД-НЯ),ТУЛЬЧИНСЬКИЙ Р-Н,222
data_ti_sprsti_52,2,23,КАЛИНIВСЬКА  ОДПI ГУ ДФС (ХМIЛЬНИЦЬКЕ ВIД-НЯ),ХМIЛЬНИЦЬКИЙ Р-Н,223
data_ti_sprsti_53,2,24,МОГИЛIВ-ПОДIЛЬСЬКА ОДПI ГУ ДФС (ЧЕРНIВЕЦЬКЕ ВIД-НЯ),ЧЕРНIВЕЦЬКИЙ Р-Н,224
data_ti_sprsti_54,2,25,ГАЙСИНСЬКА ОДПI ГУ ДФС (ЧЕЧЕЛЬНИЦЬКЕ ВIД-НЯ),ЧЕЧЕЛЬНИЦЬКИЙ Р-Н,225
data_ti_sprsti_55,2,26,ЖМЕРИНСЬКА ОДПI ГУ ДФС (ШАРГОРОДСЬКЕ ВIД-НЯ),ШАРГОРОДСЬКИЙ Р-Н,226
data_ti_sprsti_56,2,27,МОГИЛIВ-ПОДIЛЬСЬКА ОДПI ГУ ДФС (ЯМПIЛЬСЬКЕ ВIД-НЯ),ЯМПIЛЬСЬКИЙ Р-Н,227
data_ti_sprsti_57,2,28,ВIННИЦЬКА ОДПI ГУ ДФС У ВIННИЦЬКIЙ ОБЛАСТI,М.ВIННИЦЯ,228
data_ti_sprsti_58,2,29,ЖМЕРИНСЬКА ОДПI ГУ ДФС (М.ЖМЕРИНКА),М.ЖМЕРИНКА,229
data_ti_sprsti_59,2,30,МОГИЛIВ-ПОДIЛЬСЬКА ОДПI ГУ ДФС (М.МОГИЛIВ-ПОД),М.МОГИЛIВ-ПОДIЛЬСЬКИЙ,230
data_ti_sprsti_60,2,31,КАЛИНIВСЬКА ОДПI ГУ ДФС (М.ХМIЛЬНИК ),М.ХМIЛЬНИК,231
data_ti_sprsti_61,2,50,КАЛИНIВСЬКА  ОДПI ГУ ДФС (М.КОЗЯТИН),М.КОЗЯТИН,250
data_ti_sprsti_62,2,55,ГАЙСИНСЬКА ОДПI ГУ ДФС (ЛАДИЖИНСЬКЕ ВIД-НЯ),М.ЛАДИЖИН,255
data_ti_sprsti_63,2,63,ДПI У М.ВIННИЦI,ЗАМОСТЯНСЬКИЙ Р-Н М.ВIННИЦЯ,228
data_ti_sprsti_64,2,66,ДПI У М.ВIННИЦI,ЛЕНIНСЬКИЙ Р-Н М.ВIННИЦЯ,228
data_ti_sprsti_65,2,70,ДПI У М.ВIННИЦI,СТАРОМIСЬКИЙ Р-Н М.ВIННИЦЯ,228
data_ti_sprsti_66,3,1,ВОЛОДИМИР-ВОЛИНСЬКА ОДПI ГУ ДФС (В-ВОЛИНСЬКИЙ Р-Н),ВОЛОДИМИР-ВОЛИНСЬКИЙ РАЙОН,301
data_ti_sprsti_67,3,2,ВОЛОДИМИР-ВОЛИНСЬКА ОДПI ГУ ДФС (ГОРОХIВСЬКЕ ВIД-ННЯ),ГОРОХIВСЬКИЙ РАЙОН,302
data_ti_sprsti_68,3,3,ВОЛОДИМИР-ВОЛИНСЬКА ОДПI ГУ ДФС (IВАНИЧIВСЬКЕ ВIД-ННЯ),IВАНИЧIВСЬКИЙ РАЙОН,303
data_ti_sprsti_69,3,4,КОВЕЛЬСЬКА ОДПI ГУ ДФС (КАМIНЬ-КАШИРСЬКЕ ВIДДIЛЕННЯ),КАМIНЬ-КАШИРСЬКИЙ РАЙОН,304
data_ti_sprsti_70,3,5,ЛУЦЬКА ОДПI ГУ ДФС (КIВЕРЦIВСЬКЕ ВIДДIЛЕННЯ),КIВЕРЦIВСЬКИЙ РАЙОН,305
data_ti_sprsti_71,3,6,КОВЕЛЬСЬКА ОДПI ГУ ДФС У ВОЛИНСЬКIЙ ОБЛАСТI,КОВЕЛЬСЬКИЙ РАЙОН,306
data_ti_sprsti_72,3,7,ВОЛОДИМИР-ВОЛИНСЬКА ОДПI ГУ ДФС (ЛОКАЧИНСЬКЕ ВIД-ННЯ),ЛОКАЧИНСЬКИЙ РАЙОН,307
data_ti_sprsti_73,3,8,ЛУЦЬКА ОДПI ГУ ДФС У ВОЛИНСЬКIЙ ОБЛАСТI (ЛУЦЬКИЙ Р-Н),ЛУЦЬКИЙ РАЙОН,308
data_ti_sprsti_74,3,9,КОВЕЛЬСЬКА ОДПI ГУ ДФС (ЛЮБЕШIВСЬКЕ ВIДДIЛЕННЯ),ЛЮБЕШIВСЬКИЙ РАЙОН,309
data_ti_sprsti_75,3,10,КОВЕЛЬСЬКА ОДПI ГУ ДФС (ЛЮБОМЛЬСЬКЕ ВIДДIЛЕННЯ),ЛЮБОМЛЬСЬКИЙ РАЙОН,310
data_ti_sprsti_76,3,11,КОВЕЛЬСЬКА ОДПI ГУ ДФС (МАНЕВИЦЬКЕ ВIДДДIЛЕННЯ),МАНЕВИЦЬКИЙ РАЙОН,311
data_ti_sprsti_77,3,12,КОВЕЛЬСЬКА ОДПI ГУ ДФС (РАТНIВСЬКЕ ВIДДIЛЕННЯ),РАТНIВСЬКИЙ РАЙОН,312
data_ti_sprsti_78,3,13,ЛУЦЬКА ОДПI ГУ ДФС  (РОЖИЩЕНСЬКЕ ВIДДIЛЕННЯ),РОЖИЩЕНСЬКИЙ РАЙОН,313
data_ti_sprsti_79,3,14,КОВЕЛЬСЬКА ОДПI ГУ ДФС (СТАРОВИЖIВСЬКЕ ВIДДIЛЕННЯ),СТАРОВИЖIВСЬКИЙ РАЙОН,314
data_ti_sprsti_80,3,15,КОВЕЛЬСЬКА ОДПI ГУ ДФС (ТУРIЙСЬКЕ ВIДДIЛЕННЯ),ТУРIЙСЬКИЙ РАЙОН,315
data_ti_sprsti_81,3,16,ВОЛОДИМИР-ВОЛИНСЬКА ОДПI ГУ ДФС У ВОЛИНСЬКIЙ ОБЛАСТI,М.ВОЛОДИМИР-ВОЛИНСЬКИЙ,316
data_ti_sprsti_82,3,17,КОВЕЛЬСЬКА ОДПI ГУ ДФС У ВОЛИНСЬКIЙ ОБЛАСТI (М.КОВЕЛЬ),М.КОВЕЛЬ,317
data_ti_sprsti_83,3,18,ЛУЦЬКА ОДПI ГУ ДФС У ВОЛИНСЬКIЙ ОБЛАСТI,М.ЛУЦЬК,318
data_ti_sprsti_84,3,19,ВОЛОДИМИР-ВОЛИНСЬКА ОДПI ГУ ДФС (НОВОВОЛИНСЬКЕ ВIД-ННЯ,М.НОВОВОЛИНСЬК,319
data_ti_sprsti_85,3,21,КОВЕЛЬСЬКА ОДПI ГУ ДФС (ШАЦЬКЕ ВIДДIЛЕННЯ ),ШАЦЬКИЙ РАЙОН,321
data_ti_sprsti_86,4,1,КАМ'ЯНСЬКА ОДПI (ВIЛЬНОГIРСЬКЕ ВIДДIЛЕННЯ),М.ВIЛЬНОГIРСЬК,401
data_ti_sprsti_87,4,2,СДПI ПО РОБОТI З ВПП У М.ДНIПРОПЕТРОВСЬКУ ДПС,М.ДНIПРОПЕТРОВСЬК,402
data_ti_sprsti_88,4,3,КАМ'ЯНСЬКА ОДПI ГУ ДФС У ДНIПРОПЕТРОВСЬКIЙ ОБЛ.,М.КАМ'ЯНСЬКЕ,403
data_ti_sprsti_89,4,4,КАМ'ЯНСЬКА ОДПI (ЖОВТОВОДСЬКЕ ВIДДIЛЕННЯ),М.ЖОВТI ВОДИ,404
data_ti_sprsti_90,4,6,НIКОПОЛЬСЬКА ОДПI (МАРГАНЕЦЬКЕ ВIДДIЛЕННЯ),М.МАРГАНЕЦЬ,406
data_ti_sprsti_91,4,7,НIКОПОЛЬСЬКА ОДПI ГУ ДФС У ДНIПРОПЕТРОВСЬКIЙ ОБЛ,М.НIКОПОЛЬ,407
data_ti_sprsti_92,4,8,НОВОМОСКОВСЬКА ОДПI ГУ ДФС У ДНIПРОПЕТРОВСЬКIЙ ОБЛАСТI,М.НОВОМОСКОВСЬК,408
data_ti_sprsti_93,4,9,НIКОПОЛЬСЬКА ОДПI (ПОКРОВСЬКЕ ВIДДIЛЕННЯ),М.ПОКРОВ,409
data_ti_sprsti_94,4,10,ЗАХIДНО-ДОНБАСЬКА ОДПI ГУ ДФС У ДНIПР. ОБЛ,М.ПАВЛОГРАД,410
data_ti_sprsti_95,4,11,ЗАХIДНО-ДОНБАСЬКА ОДПI (ПЕРШОТРАВЕНСЬКЕ ВIДДIЛЕННЯ),М.ПЕРШОТРАВЕНСЬК,411
data_ti_sprsti_96,4,12,ДНIПРОВСЬКА ОДПI (М.СИНЕЛЬНИКОВЕ),М.СИНЕЛЬНИКОВЕ,412
data_ti_sprsti_97,4,13,ЗАХIДНО-ДОНБАСЬКА ОДПI (ТЕРНIВCЬКЕ ВIДДIЛЕННЯ),М.ТЕРНIВКА,413
data_ti_sprsti_98,4,14,КРИВОРIЗЬКА ПIВДЕННА ОДПI (АПОСТОЛIВСЬКЕ ВIДДIЛЕННЯ),АПОСТОЛIВСЬКИЙ Р-Н,414
data_ti_sprsti_99,4,15,ЗАХIДНО-ДОНБАСЬКА ОДПI (ВАСИЛЬКIВСЬКЕ ВIДДIЛЕННЯ),ВАСИЛЬКIВСЬКИЙ Р-Н,415
data_ti_sprsti_100,4,16,КАМ'ЯНСЬКА ОДПI (ВЕРХНЬОДНIПРОВСЬКЕ ВIДДIЛЕННЯ),ВЕРХНЬОДНIПРОВСЬКИЙ Р-Н,416
data_ti_sprsti_101,4,17,ДНIПРОВСЬКА ОДПI ГУ ДФС У ДНIПРОПЕТРОВСЬКIЙ ОБЛАСТI,ДНIПРОВСЬКИЙ РАЙОН,417
data_ti_sprsti_102,4,18,КРИВОРIЗЬКА ПIВНIЧНА ОДПI (КРИВОРIЗЬКИЙ РАЙОН),КРИВОРIЗЬКИЙ Р-Н,418
data_ti_sprsti_103,4,19,КАМ'ЯНСЬКА ОДПI (КРИНИЧАНСЬКЕ ВIДДIЛЕННЯ),КРИНИЧАНСЬКИЙ Р-Н,419
data_ti_sprsti_104,4,20,НОВОМОСКОВСЬКА ОДПI (МАГДАЛИНIВСЬКЕ ВIДДIЛЕННЯ),МАГДАЛИНIВСЬКИЙ Р-Н,420
data_ti_sprsti_105,4,21,ЗАХIДНО-ДОНБАСЬКА ОДПI (МЕЖIВСЬКЕ ВIДДIЛЕННЯ),МЕЖIВСЬКИЙ Р-Н,421
data_ti_sprsti_106,4,22,НIКОПОЛЬСЬКА ОДПI (НIКОПОЛЬСЬКИЙ РАЙОН),НIКОПОЛЬСЬКИЙ РАЙОН,422
data_ti_sprsti_107,4,23,НОВОМОСКОВСЬКА ОДПI (НОВОМОСКОВСЬКИЙ РАЙОН),НОВОМОСКОВСЬКИЙ Р-Н,423
data_ti_sprsti_108,4,24,ЗАХIДНО-ДОНБАСЬКА ОДПI (ПАВЛОГРАДСЬКИЙ РАЙОН),ПАВЛОГРАДСЬКИЙ Р-Н,424
data_ti_sprsti_109,4,25,ЗАХIДНО-ДОНБАСЬКА ОДПI (ПЕТРОПАВЛIВCЬКЕ ВIДДIЛЕННЯ),ПЕТРОПАВЛIВСЬКИЙ Р-Н,425
data_ti_sprsti_110,4,26,КАМ'ЯНСЬКА ОДПI (ПЕТРИКIВСЬКЕ ВIДДIЛЕННЯ),ПЕТРИКIВСЬКИЙ РАЙОН/СМТ ПЕТРИКIВКА,426
data_ti_sprsti_111,4,27,ЗАХIДНО-ДОНБАСЬКА ОДПI (ПОКРОВСЬКЕ ВIДДIЛЕННЯ),ПОКРОВСЬКИЙ Р-Н,427
data_ti_sprsti_112,4,28,КАМ'ЯНСЬКА ОДПI (П'ЯТИХАТСЬКЕ ВIДДIЛЕННЯ),П'ЯТИХАТСЬКИЙ Р-Н,428
data_ti_sprsti_113,4,29,СИНЕЛЬНИКIВСЬКЕ ВIДДIЛЕННЯ ДНIПРОВСЬКОЇ ОДПI,СИНЕЛЬНИКIВСЬКИЙ РАЙОН,429
data_ti_sprsti_114,4,30,СОЛОНЯНСЬКЕ ВIДДIЛЕННЯ ДНIПРОВСЬКОЇ ОДПI,СОЛОНЯНСЬКИЙ РАЙОН,430
data_ti_sprsti_115,4,31,КРИВОРIЗЬКА ПIВНIЧНА ОДПI (СОФIЇВСЬКЕ ВIДДIЛЕННЯ),СОФIЇВСЬКИЙ Р-Н,431
data_ti_sprsti_116,4,32,НIКОПОЛЬСЬКА ОДПI (ТОМАКIВСЬКЕ ВIДДIЛЕННЯ),ТОМАКIВСЬКИЙ РАЙОН,432
data_ti_sprsti_117,4,33,КАМ'ЯНСЬКА ОДПI (ЦАРИЧАНСЬКЕ ВIДДIЛЕННЯ),ЦАРИЧАНСЬКИЙ РАЙОН/СМТ ЦАРИЧАНКА,433
data_ti_sprsti_118,4,34,КРИВОРIЗЬКА ПIВДЕННА ОДПI (ШИРОКIВСЬКЕ ВIДДIЛЕННЯ),ШИРОКIВСЬКИЙ Р-Н,434
data_ti_sprsti_119,4,35,ЗАХIДНО-ДОНБАСЬКА ОДПI (ЮР'ЇВСЬКЕ ВIДДIЛЕННЯ),ЮР'ЇВСЬКИЙ Р-Н,435
data_ti_sprsti_120,4,61,ДПI В АМУР-НИЖНЬОДНIПРОВСЬКОМУ РАЙОНI М.ДНIПРА,АМУР-НИЖНЬОДНIПРОВСЬКИЙ РАЙОН М.ДНIПРО,461
data_ti_sprsti_121,4,62,ДПI У ШЕВЧЕНКIВСЬКОМУ Р-НI М.ДНIПРА,ШЕВЧЕНКIВСЬКИЙ РАЙОН М.ДНIПРО,462
data_ti_sprsti_122,4,63,ДПI У СОБОРНОМУ Р-НI М.ДНIПРА,СОБОРНИЙ Р-Н М.ДНIПРА,463
data_ti_sprsti_123,4,64,ЛIВОБЕРЕЖНА ОДПI М.ДНIПРА ГУ ДФС У ДНIПР. ОБЛ.,IНДУСТРIАЛЬНИЙ РАЙОН М.ДНIПРО,464
data_ti_sprsti_124,4,65,ДПI У ЦЕНТРАЛЬНОМУ РАЙОНI М.ДНIПРА,ЦЕНТРАЛЬНИЙ РАЙОН М.ДНIПРО,465
data_ti_sprsti_125,4,66,ДПI У ЧЕЧЕЛIВСЬКОМУ РАЙОНI М.ДНIПРА,ЧЕЧЕЛIВСЬКИЙ РАЙОН М.ДНIПРО,466
data_ti_sprsti_126,4,67,ДПI У НОВОКОДАЦЬКОМУ РАЙОНI М.ДНIПРА ГУ ДФС,НОВОКОДАЦЬКИЙ Р-Н М.ДНIПРО,467
data_ti_sprsti_127,4,68,ЛIВОБЕРЕЖНА ОДПI М.ДНIПРА ГУ ДФС (САМАРСЬКИЙ Р-Н),САМАРСЬКИЙ РАЙОН М.ДНIПРО,468
data_ti_sprsti_128,4,71,КАМ'ЯНСЬКА ОДПI (БАГЛIЙСЬКИЙ РАЙОН),ПIВДЕННИЙ РАЙОН М.КАМ'ЯНСЬКОГО,403
data_ti_sprsti_129,4,72,КАМ'ЯНСЬКА ОДПI (ЗАВОДСЬКИЙ РАЙОН),ЗАВОДСЬКИЙ РАЙОН М.КАМ'ЯНСЬКОГО,403
data_ti_sprsti_130,4,73,КАМ'ЯНСЬКА ОДПI (ДНIПРОВСЬКИЙ РАЙОН),ДНIПРОВСЬКИЙ РАЙОН М.КАМ'ЯНСЬКОГО,403
data_ti_sprsti_131,4,81,КРИВОРIЗЬКА ПIВНIЧНА ОДПI (ДОВГИНЦIВСЬКИЙ РАЙОН),ДОВГИНЦIВСЬКИЙ Р-Н М.КРИВИЙ РIГ,481
data_ti_sprsti_132,4,82,КРИВОРIЗЬКА ПIВДЕННА ОДПI ГУ ДФС У ДНIПР. ОБЛ,ЦЕНТРАЛЬНОМIСЬКИЙ Р-Н М.КРИВИЙ РIГ,482
data_ti_sprsti_133,4,83,КРИВОРIЗЬКА ПIВНIЧНА ОДПI ГУ ДФС У ДНIПР. ОБЛ,ПОКРОВСЬКИЙ Р-Н М.КРИВИЙ РIГ,483
data_ti_sprsti_134,4,84,КРИВОРIЗЬКА ПIВДЕННА ОДПI (МЕТАЛУРГIЙНИЙ РАЙОН),МЕТАЛУРГIЙНИЙ Р-Н М.КРИВИЙ РIГ,484
data_ti_sprsti_135,4,85,КРИВОРIЗЬКА ПIВДЕННА ОДПI (IНГУЛЕЦЬКИЙ РАЙОН),IНГУЛЕЦЬКИЙ Р-Н М.КРИВИЙ РIГ,485
data_ti_sprsti_136,4,86,КРИВОРIЗЬКА ПIВНIЧНА ОДПI (САКСАГАНСЬКИЙ РАЙОН),САКСАГАНСЬКИЙ Р-Н М.КРИВИЙ РIГ,486
data_ti_sprsti_137,4,87,КРИВОРIЗЬКА ПIВНIЧНА ОДПI (ТЕРНIВСЬКИЙ РАЙОН),ТЕРНIВСЬКИЙ Р-Н М.КРИВИЙ РIГ,487
data_ti_sprsti_138,5,1,ПОКРОВСЬКА ОДПI (М. АВДIЇВКА),М.АВДIЇВКА,501
data_ti_sprsti_139,5,2,БАХМУТСЬКА ОДПI ГУ ДФС У ДОНЕЦЬКIЙ ОБЛАСТI,М.БАХМУТ,502
data_ti_sprsti_140,5,3,БАХМУТСЬКА ОДПI ГУ ДФС У ДОН.ОБЛ.(М.ГОРЛIВКА),М.ГОРЛIВКА,503
data_ti_sprsti_141,5,4,КОСТЯНТИНIВСЬКА ОДПI ГУ ДФС У ДОН.ОБЛ. (М.ДЕБАЛЬЦЕВЕ),М.ДЕБАЛЬЦЕВЕ,504
data_ti_sprsti_142,5,5,КОСТЯНТИНIВСЬКА ОДПI ГУ ДФС У ДОН.ОБЛ(ТОРЕЦЬКЕ ВIД-НЯ),М.ТОРЕЦЬК,505
data_ti_sprsti_143,5,6,ПОКРОВСЬКА ОДПI (МИРНОГРАДСЬКЕ ВIДДIЛЕННЯ),М.МИРНОГРАД,506
data_ti_sprsti_144,5,7,ДОБРОПIЛЬСЬКА ОДПI ГУ ДФС У ДОНЕЦЬКIЙ ОБЛАСТI,М.ДОБРОПIЛЛЯ,507
data_ti_sprsti_145,5,8,ВОЛНОВАСЬКА ОДПI ГУ ДФС У ДОН.ОБЛ. (М.ДОКУЧАЄВСЬК),М.ДОКУЧАЄВСЬК,508
data_ti_sprsti_146,5,9,СДПI ПО РОБОТI З ВПП У М.ДОНЕЦЬКУ ДПС,М.ДОНЕЦЬК,509
data_ti_sprsti_147,5,10,ДПI У М.ДРУЖКIВЦI ГУ ДФС У ДОНЕЦЬКIЙ ОБЛАСТI,М.ДРУЖКIВКА,510
data_ti_sprsti_148,5,11,КОСТЯНТИНIВСЬКА ОДПI ГУ ДФС У ДОН.ОБЛ.(М.ЄНАКIЄВО),М.ЄНАКIЄВО,511
data_ti_sprsti_149,5,12,СЛОВ'ЯНСЬКА ОДПI ГУ ДФС У ДОН.ОБЛ.(М.ЖДАНIВКА),М.ЖДАНIВКА,512
data_ti_sprsti_150,5,13,СЛОВ'ЯНСЬКА ОДПI ГУ ДФС У ДОН.ОБЛ.(М.КIРОВСЬКЕ),М.КIРОВСЬКЕ,513
data_ti_sprsti_151,5,14,КОСТЯНТИНIВСЬКА ОДПI ГУ ДФС У ДОНЕЦЬКIЙ ОБЛАСТI,М.КОСТЯНТИНIВКА,514
data_ti_sprsti_152,5,15,ДПI У М.КРАМАТОРСЬКУ ГУ ДФС У ДОНЕЦЬКIЙ ОБЛАСТI,М.КРАМАТОРСЬК,515
data_ti_sprsti_153,5,16,ПОКРОВСЬКА ОДПI ГУ ДФС У ДОНЕЦЬКIЙ ОБЛАСТI,М.ПОКРОВСЬК,516
data_ti_sprsti_154,5,17,СЛОВ'ЯНСЬКА ОДПI ГУ ДФС У ДОН.ОБЛ.(ЛИМАНСЬКЕ ВIД),М.ЛИМАН,517
data_ti_sprsti_155,5,18,ПОКРОВСЬКА ОДПI (М.МАКIЇВКА),М.МАКIЇВКА,518
data_ti_sprsti_156,5,19,МАРIУПОЛЬСЬКА ОДПI ГУ ДФС У ДОНЕЦЬКIЙ ОБЛАСТI,М.МАРIУПОЛЬ,519
data_ti_sprsti_157,5,20,ПОКРОВСЬКА ОДПI (М. НОВОГРОДIВКА),М.НОВОГРОДIВКА,520
data_ti_sprsti_158,5,21,ПОКРОВСЬКА ОДПI (СЕЛИДIВСЬКЕ ВIДДIЛЕННЯ),М.СЕЛИДОВЕ,521
data_ti_sprsti_159,5,22,СЛОВ'ЯНСЬКА ОДПI ГУ ДФС У ДОНЕЦЬКIЙ ОБЛАСТI,М.СЛОВ'ЯНСЬК,522
data_ti_sprsti_160,5,23,КОСТЯНТИНIВСЬКА ОДПI ГУ ДФС У ДОНЕЦЬКIЙ ОБЛ.(М.СНIЖНЕ),М.СНIЖНЕ,523
data_ti_sprsti_161,5,24,КОСТЯНТИНIВСЬКА ОДПI ГУ ДФС (М.ЧИСТЯКОВЕ),М.ЧИСТЯКОВЕ,524
data_ti_sprsti_162,5,25,МАР'ЇНСЬКА ОДПI ГУ ДФС У ДОН.ОБЛ.(ВУГЛЕДАРСЬКЕ ВIД-НЯ),М.ВУГЛЕДАР,525
data_ti_sprsti_163,5,26,КОСТЯНТИНIВСЬКА ОДПI ГУ ДФС (М.ХАРЦИЗЬК),М.ХАРЦИЗЬК,526
data_ti_sprsti_164,5,27,СЛОВ'ЯНСЬКА ОДПI ГУ ДФС У ДОН.ОБЛ.(М.ШАХТАРСЬК),М.ШАХТАРСЬК,527
data_ti_sprsti_165,5,28,ПОКРОВСЬКА ОДПI (ЯСИНУВАТСЬКО-АВДIЇВСЬКЕ ВIД-НЯ),М.ЯСИНУВАТА,528
data_ti_sprsti_166,5,29,ДОБРОПIЛЬСЬКА ОДПI ГУ ДФС У ДОН О(ОЛЕКСАНДРIВСЬКЕ ВIД),ОЛЕКСАНДРIВСЬКИЙ Р-Н,529
data_ti_sprsti_167,5,30,ВОЛНОВАСЬКА ОДПI (АМВРОСIЇВСЬКИЙ Р-Н),АМВРОСIЇВСЬКИЙ Р-Н,530
data_ti_sprsti_168,5,31,БАХМУТСЬКА ОДПI ГУ ДФС У ДОН. ОБЛ (БАХМУТСЬКИЙ Р-Н),БАХМУТСЬКИЙ Р-Н,531
data_ti_sprsti_169,5,32,МАР'ЇНСЬКА ОДПI ГУ ДФС(ВЕЛИКОНОВОСIЛКIВСЬКЕ ВIД-НЯ),ВЕЛИКОНОВОСIЛКIВСЬКИЙ Р-Н,532
data_ti_sprsti_170,5,33,ВОЛНОВАСЬКА ОДПI ГУ ДФС У ДОНЕЦЬКIЙ ОБЛАСТI,ВОЛНОВАСЬКИЙ Р-Н,533
data_ti_sprsti_171,5,34,МАНГУСЬКА ОДПI ГУ ДФС У ДОН ОБЛ.(НIКОЛЬСЬКЕ ВIД-НЯ),НIКОЛЬСЬКИЙ Р-Н,534
data_ti_sprsti_172,5,35,ДОБРОПIЛЬСЬКА ОДПI ГУ ДФС У ДОН О.(ДОБРОПIЛЬСЬКИЙ Р-Н),ДОБРОПIЛЬСЬКИЙ Р-Н,535
data_ti_sprsti_173,5,36,КОСТЯНТИНIВСЬКА ОДПI ГУ ДФС (КОСТЯНТИНIВСЬКИЙ Р-Н),КОСТЯНТИНIВСЬКИЙ Р-Н,536
data_ti_sprsti_174,5,37,ПОКРОВСЬКА ОДПI (ПОКРОВСЬКИЙ РАЙОН),ПОКРОВСЬКИЙ Р-Н,537
data_ti_sprsti_175,5,38,МАР'ЇНСЬКА ОДПI ГУ ДФС У ДОНЕЦЬКIЙ ОБЛАСТI,МАР'ЇНСЬКИЙ Р-Н,538
data_ti_sprsti_176,5,39,ВОЛНОВАСЬКА ОДПI (НОВОАЗОВСЬКИЙ Р-Н),НОВОАЗОВСЬКИЙ Р-Н,539
data_ti_sprsti_177,5,40,МАНГУСЬКА ОДПI ГУ ДФС У ДОНЕЦЬКIЙ ОБЛАСТI,ПЕРШОТРАВНЕВИЙ Р-Н,540
data_ti_sprsti_178,5,41,СЛОВ'ЯНСЬКА ОДПI ГУ ДФС У ДОН.ОБЛ.(СЛОВ'ЯНСЬКИЙ Р-Н),СЛОВ'ЯНСЬКИЙ Р-Н,541
data_ti_sprsti_179,5,42,ВОЛНОВАСЬКА ОДПI ГУ ДФСУ ДОН.ОБЛ.(СТАРОБЕШIВСЬКИЙ Р-Н),СТАРОБЄШЕВСЬКИЙ Р-Н,542
data_ti_sprsti_180,5,43,ВОЛНОВАСЬКА ОДПI ГУ ДФСУ ДОН.ОБЛ.(ТЕЛЬМАНIВСЬКИЙ Р-Н),ТЕЛЬМАНIВСЬКИЙ Р-Н,543
data_ti_sprsti_181,5,44,СЛОВ'ЯНСЬКА ОДПI ГУ ДФС У ДОН.ОБЛ.(ШАХТАРСЬКИЙ Р-Н),ШАХТАРСЬКИЙ Р-Н,544
data_ti_sprsti_182,5,45,ПОКРОВСЬКА ОДПI (ЯСИНУВАТСЬКИЙ Р-Н),ЯСИНУВАТСЬКИЙ Р-Н,545
data_ti_sprsti_183,5,50,СЛОВ'ЯНСЬКА ОДПI,КРАСНОЛИМАНСЬКИЙ Р-Н,0
data_ti_sprsti_184,5,61,МАРIУПОЛЬСЬКА ОДПI (БУДЬОНIВСЬКИЙ Р-Н М.ДОНЕЦЬК),БУДЬОНIВСЬКИЙ Р-Н М.ДОНЕЦЬК,561
data_ti_sprsti_185,5,62,МАРIУПОЛЬСЬКА ОДПI (ПIВНIЧНЕ ВIДДIЛЕННЯ),ВОРОШИЛОВСЬКИЙ Р-Н М.ДОНЕЦЬК,562
data_ti_sprsti_186,5,63,МАРIУПОЛЬСЬКА ОДПI (КАЛIНIНСЬКИЙ Р-Н М.ДОНЕЦЬК),КАЛIНIНСЬКИЙ Р-Н М.ДОНЕЦЬК,563
data_ti_sprsti_187,5,64,МАРIУПОЛЬСЬКА ОДПI (КИЇВСЬКИЙ Р-Н М.ДОНЕЦЬК),КИЇВСЬКИЙ Р-Н М.ДОНЕЦЬК,564
data_ti_sprsti_188,5,65,МАРIУПОЛЬСЬКА ОДПI (КIРОВСЬКИЙ Р-Н М.ДОНЕЦЬК),КIРОВСЬКИЙ Р-Н М.ДОНЕЦЬК,565
data_ti_sprsti_189,5,66,МАРIУПОЛЬСЬКА ОДПI (КУЙБИШЕВСЬКИЙ Р-Н М.ДОНЕЦЬК),КУЙБИШЕВСЬКИЙ Р-Н М.ДОНЕЦЬК,566
data_ti_sprsti_190,5,67,МАРIУПОЛЬСЬКА ОДПI (ЛЕНIНСЬКИЙ Р-Н М.ДОНЕЦЬК),ЛЕНIНСЬКИЙ Р-Н М.ДОНЕЦЬК,567
data_ti_sprsti_191,5,68,МАРIУПОЛЬСЬКА ОДПI (ПЕТРОВСЬКИЙ Р-Н М.ДОНЕЦЬК),ПЕТРОВСЬКИЙ Р-Н М.ДОНЕЦЬК,568
data_ti_sprsti_192,5,69,МАРIУПОЛЬСЬКА ОДПI (ПРОЛЕТАРСЬКИЙ Р-Н М.ДОНЕЦЬК),ПРОЛЕТАРСЬКИЙ Р-Н М.ДОНЕЦЬК,569
data_ti_sprsti_193,5,71,БАХМУТСЬКА ОДПI ГУ ДФС У ДОН.О.(ЦЕНТР-МIСЬК.Р.ГОРЛIВК),ЦЕНТРАЛЬНО-МIСЬКИЙ Р-Н М.ГОРЛIВКА,571
data_ti_sprsti_194,5,72,БАХМУТСЬКА ОДПI ГУ ДФС У ДОН.О.(КАЛIНIН.Р-Н М.ГОРЛIВК),КАЛIНIНСЬКИЙ Р-Н М.ГОРЛIВКА,572
data_ti_sprsti_195,5,73,БАХМУТСЬКА ОДПI ГУ ДФС У ДОН.О.(МИКИТIВ.Р-Н М.ГОРЛIВК),МИКИТОВСЬКИЙ Р-Н М.ГОРЛIВКА,573
data_ti_sprsti_196,5,81,МАРIУПОЛЬСЬКА ОДПI ГУ ДФС У ДОН.ОБЛ(ЦЕНТРАЛЬНЕ ВIД-НЯ),ЦЕНТРАЛЬНИЙ Р-Н М.МАРIУПОЛЬ,581
data_ti_sprsti_197,5,82,МАРIУПОЛЬСЬКА ОДПI ГУ ДФС У ДОН.ОБЛ(КАЛЬМIУСЬКЕ ВIД-НЯ,КАЛЬМIУСЬКИЙ Р-Н М.МАРIУПОЛЬ,582
data_ti_sprsti_198,5,83,МАРIУПОЛЬСЬКА ОДПI ГУ ДФС У ДОН.ОБЛ(ЛIВОБЕРЕЖНЕ ВIД-НЯ,ЛIВОБЕРЕЖНИЙ Р-Н М.МАРIУПОЛЬ,583
data_ti_sprsti_199,5,84,МАРIУПОЛЬСЬКА ОДПI ГУ ДФС У ДОН.ОБЛ(ПРИМОРСЬКЕ ВIД-НЯ),ПРИМОРСЬКИЙ Р-Н М.МАРIУПОЛЬ,584
data_ti_sprsti_200,5,91,ПОКРОВСЬКА ОДПI (ЦЕНТРАЛЬНО-МIСЬКИЙ Р-Н М. МАКIЇВКА),ЦЕНТРАЛЬНО-МIСЬКИЙ Р-Н М.МАКIЇВКА,591
data_ti_sprsti_201,5,92,ПОКРОВСЬКА ОДПI (ЧЕРВОНОГВАРДIЙСЬКИЙ Р-Н М. МАКIЇВКА,ЧЕРВОНОГВАРДIЙСЬКИЙ Р-Н М.МАКIЇВКА,592
data_ti_sprsti_202,5,93,ПОКРОВСЬКА ОДПI (КIРОВСЬКИЙ Р-Н М. МАКIЇВКА),КIРОВСЬКИЙ Р-Н М.МАКIЇВКА,593
data_ti_sprsti_203,5,94,ПОКРОВСЬКА ОДПI (СОВЄТСЬКИЙ Р-Н М. МАКIЇВКА),СОВЄТСЬКИЙ Р-Н М.МАКIЇВКА,594
data_ti_sprsti_204,5,95,ПОКРОВСЬКА ОДПI (ГIРНИЦЬКИЙ Р-Н М. МАКIЇВКА),ГIРНИЦЬКИЙ Р-Н М.МАКIЇВКА,595
data_ti_sprsti_205,6,1,АНДРУШIВСЬКЕ ВIДДIЛЕННЯ БЕРДИЧIВСЬКОЇ ОДПI,АНДРУШIВСЬКИЙ Р-Н,601
data_ti_sprsti_206,6,2,БАРАНIВСЬКЕ ВIДДIЛЕННЯ НОВОГРАД-ВОЛИНСЬКОЇ ОДПI,БАРАНIВСЬКИЙ Р-Н,602
data_ti_sprsti_207,6,3,БЕРДИЧIВСЬКА ОБ'ЄДНАНА ДПI,БЕРДИЧIВСЬКИЙ Р-Н,603
data_ti_sprsti_208,6,4,БРУСИЛIВСЬКЕ ВIДДIЛЕННЯ ЖИТОМИРСЬКОЇ ОДПI,БРУСИЛIВСЬКИЙ Р-Н,604
data_ti_sprsti_209,6,5,ХОРОШIВСЬКЕ ВIДДIЛЕННЯ КОРОСТЕНСЬКОЇ ОДПI,ХОРОШIВСЬКИЙ Р-Н,605
data_ti_sprsti_210,6,6,РОМАНIВСЬКЕ ВIДДIЛЕННЯ НОВОГРАД-ВОЛИНСЬКОЇ ОДПI,РОМАНIВСЬКИЙ Р-Н,606
data_ti_sprsti_211,6,7,ЄМIЛЬЧИНСЬКЕ ВIДДIЛЕННЯ НОВОГРАД-ВОЛИНСЬКОЇ ОДПI,ЄМIЛЬЧИНСЬКИЙ Р-Н,607
data_ti_sprsti_212,6,8,ЖИТОМИРСЬКА ОБ'ЄДНАНА ДПI (ЖИТОМИРСЬКИЙ РАЙОН),ЖИТОМИРСЬКИЙ Р-Н,608
data_ti_sprsti_213,6,9,КОРОСТЕНСЬКА ОБ'ЄДНАНА ДПI,КОРОСТЕНСЬКИЙ Р-Н,609
data_ti_sprsti_214,6,10,КОРОСТИШIВСЬКЕ ВIДДIЛЕННЯ ЖИТОМИРСЬКОЇ ОДПI,КОРОСТИШIВСЬКИЙ Р-Н,610
data_ti_sprsti_215,6,11,ЛУГИНСЬКЕ ВIДДIЛЕННЯ КОРОСТЕНСЬКОЇ ОДПI,ЛУГИНСЬКИЙ Р-Н,611
data_ti_sprsti_216,6,12,ЛЮБАРСЬКЕ ВIДДIЛЕННЯ БЕРДИЧIВСЬКОЇ ОДПI,ЛЮБАРСЬКИЙ Р-Н,612
data_ti_sprsti_217,6,13,МАЛИНСЬКА ОБ'ЄДНАНА ДПI,МАЛИНСЬКИЙ Р-Н,613
data_ti_sprsti_218,6,14,НАРОДИЦЬКЕ ВIДДIЛЕННЯ ОВРУЦЬКОЇ ОДПI,НАРОДИЦЬКИЙ Р-Н,614
data_ti_sprsti_219,6,15,НОВОГРАД-ВОЛИНСЬКА ОБ'ЄДНАНА ДПI ГУ ДФС,НОВОГРАД-ВОЛИНСЬКИЙ Р-Н,615
data_ti_sprsti_220,6,16,ОВРУЦЬКА ОБ'ЄДНАНА ДПI,ОВРУЦЬКИЙ Р-Н,616
data_ti_sprsti_221,6,17,ОЛЕВСЬКЕ ВIДДIЛЕННЯ КОРОСТЕНСЬКОЇ ОДПI,ОЛЕВСЬКИЙ Р-Н,617
data_ti_sprsti_222,6,18,ПОПIЛЬНЯНСЬКЕ ВIДДIЛЕННЯ БЕРДИЧIВСЬКОЇ ОДПI,ПОПIЛЬНЯНСЬКИЙ Р-Н,618
data_ti_sprsti_223,6,19,РАДОМИШЛЬСЬКЕ ВIДДIЛЕННЯ МАЛИНСЬКОЇ ОДПI,РАДОМИШЛЬСЬКИЙ Р-Н,619
data_ti_sprsti_224,6,20,РУЖИНСЬКЕ ВIДДIЛЕННЯ БЕРДИЧIВСЬКОЇ ОДПI,РУЖИНСЬКИЙ Р-Н,620
data_ti_sprsti_225,6,21,ПУЛИНСЬКЕ ВIДДIЛЕННЯ КОРОСТЕНСЬКОЇ ОДПI,ПУЛИНСЬКИЙ Р-Н,621
data_ti_sprsti_226,6,22,ЧЕРНЯХIВСЬКЕ ВIДДIЛЕННЯ КОРОСТЕНСЬКОЇ ОДПI,ЧЕРНЯХIВСЬКИЙ Р-Н,622
data_ti_sprsti_227,6,23,ЧУДНIВСЬКЕ ВIДДIЛЕННЯ БЕРДИЧIВСЬКОЇ ОДПI,ЧУДНIВСЬКИЙ Р-Н,623
data_ti_sprsti_228,6,24,БЕРДИЧIВСЬКА ОБ'ЄДНАНА ДПI (М.БЕРДИЧIВ),М.БЕРДИЧIВ,624
data_ti_sprsti_229,6,25,ЖИТОМИРСЬКА ОБ'ЄДНАНА ДПI ГУ ДФС У ЖИТОМИРСЬКIЙ ОБЛ.,М.ЖИТОМИР,625
data_ti_sprsti_230,6,26,КОРОСТЕНСЬКА ОБ'ЄДНАНА ДПI (М.КОРОСТЕНЬ),М.КОРОСТЕНЬ,626
data_ti_sprsti_231,6,27,НОВОГРАД-ВОЛИНСЬКА ОБ'ЄДНАНА ДПI (М.НОВОГРАД-ВОЛ),М.НОВОГРАД-ВОЛИНСЬКИЙ,627
data_ti_sprsti_232,6,28,ДПI У М. ЖИТОМИР,БОГУНСЬКИЙ Р-Н М.ЖИТОМИР,628
data_ti_sprsti_233,6,29,ДПI У М. ЖИТОМИР,КОРОЛЬОВСЬКИЙ Р-Н М.ЖИТОМИР,629
data_ti_sprsti_234,6,50,МАЛИНСЬКА ОБ'ЄДНАНА ДПI  (М.МАЛИН),М.МАЛИН,650
data_ti_sprsti_235,7,1,УЖГОРОДСЬКА ОДПI ГУ ДФС У ЗАК.ОБЛ.(ВIД-НЯ У М.УЖГОРОД),М.УЖГОРОД,701
data_ti_sprsti_236,7,2,МУКАЧIВСЬКА ОДПI ГУ ДФС У ЗАКАРПАТСЬК ОБЛ.(М.МУКАЧЕВО),М.МУКАЧЕВО,702
data_ti_sprsti_237,7,3,ВИНОГРАДIВСЬКА ОДПI ГУ ДФС У ЗАК.ОБЛ.(БЕРЕГIВСЬКИЙ Р-Н,БЕРЕГIВСЬКИЙ Р-Н,703
data_ti_sprsti_238,7,4,УЖГОРОДСЬКА ОДПI ГУ ДФС (ВЕЛИКОБЕРЕЗНЯНСЬКЕ ВIД-НЯ),ВЕЛИКОБЕРЕЗНЯНСЬКИЙ Р-Н,704
data_ti_sprsti_239,7,5,ВИНОГРАДIВСЬКА ОДПI ГУ ДФС У ЗАКАРПАТСЬКIЙ ОБЛ,ВИНОГРАДIВСЬКИЙ Р-Н,705
data_ti_sprsti_240,7,6,МУКАЧIВСЬКА ОДПI ГУ ДФС У ЗАК.ОБЛ.(ВОЛОВЕЦЬКЕ ВIД-НЯ),ВОЛОВЕЦЬКИЙ Р-Н,706
data_ti_sprsti_241,7,7,ХУСТСЬКА ОДПI ГУ ДФС У ЗАК.ОБЛ. (IРШАВСЬКЕ ВIД-НЯ),IРШАВСЬКИЙ Р-Н,707
data_ti_sprsti_242,7,8,ХУСТСЬКА ОДПI ГУ ДФС У ЗАК.ОБЛ. (МIЖГIРСЬКЕ ВIД-НЯ),МIЖГIРСЬКИЙ Р-Н,708
data_ti_sprsti_243,7,9,МУКАЧIВСЬКА ОДПI ГУ ДФС У ЗАКАРПАТСЬКIЙ ОБЛАСТI,МУКАЧIВСЬКИЙ Р-Н,709
data_ti_sprsti_244,7,10,УЖГОРОДСЬКА ОДПI ГУ ДФС У ЗАК.ОБЛ.(ПЕРЕЧИНСЬКЕ ВIД-НЯ),ПЕРЕЧИНСЬКИЙ Р-Н,710
data_ti_sprsti_245,7,11,ДПI У РАХIВСЬКОМУ Р-НI ГУ ДФС У ЗАКАРПАТСЬКIЙ ОБЛАСТI,РАХIВСЬКИЙ Р-Н,711
data_ti_sprsti_246,7,12,МУКАЧIВСЬКА ОДПI ГУ ДФС У ЗАК.ОБЛ. (СВАЛЯВСКЕ ВIД-НЯ),СВАЛЯВСЬКИЙ Р-Н,712
data_ti_sprsti_247,7,13,ДПI У ТЯЧIВСЬКОМУ Р-НI ГУ ДФС У ЗАКАРПАТСЬКIЙ ОБЛАСТI,ТЯЧIВСЬКИЙ Р-Н,713
data_ti_sprsti_248,7,14,УЖГОРОДСЬКА ОДПI ГУ ДФС У ЗАКАРПАТСЬКIЙ ОБЛАСТI,УЖГОРОДСЬКИЙ Р-Н,714
data_ti_sprsti_249,7,15,ХУСТСЬКА ОДПI ГУ ДФС У ЗАКАРПАТСЬКIЙ ОБЛАСТI,ХУСТСЬКИЙ Р-Н,715
data_ti_sprsti_250,7,17,ХУСТСЬКА ОДПI ГУ ДФС У ЗАКАРПАТСЬКIЙ ОБЛ. (М.ХУСТ),М.ХУСТ,717
data_ti_sprsti_251,7,18,ВИНОГРАДIВСЬКА ОДПI ГУ ДФС У ЗАК.ОБЛ. (М.БЕРЕГОВО),М.БЕРЕГОВО,718
data_ti_sprsti_252,7,51,УЖГОРОДСЬКА ОДПI ГУ ДФС У ЗАКАРПАТСЬКIЙ ОБЛАСТI(М.ЧОП),М.ЧОП,751
data_ti_sprsti_253,8,2,БЕРДЯНСЬКА ОДПI ГУ ДФС У ЗАПОРIЗЬКIЙ ОБЛ.,БЕРДЯНСЬКИЙ РАЙОН,802
data_ti_sprsti_254,8,3,ТОКМАЦЬКА ОДПI ГУ ДФС (ВАСИЛIВСЬКЕ ВIД-НЯ),ВАСИЛIВСЬКИЙ РАЙОН,803
data_ti_sprsti_255,8,4,ЕНЕРГОДАРСЬКА ОДПI ГУ ДФС (ВЕЛИКОБIЛОЗЕРСЬКЕ ВIД-НЯ),ВЕЛИКОБIЛОЗЕРСЬКИЙ РАЙОН,804
data_ti_sprsti_256,8,5,МЕЛIТОПОЛЬСЬКА ОДПI ГУ ДФС (ВЕСЕЛIВСЬКЕ ВIД-НЯ),ВЕСЕЛIВСЬКИЙ РАЙОН,805
data_ti_sprsti_257,8,6,ВIЛЬНЯНСЬКА OДПI ГУ ДФС (ВIЛЬНЯНСЬКЕ ВIД-НЯ),ВIЛЬНЯНСЬКИЙ РАЙОН,806
data_ti_sprsti_258,8,7,ПОЛОГIВСЬКА ОДПI ГУ ДФС (ГУЛЯЙПIЛЬСЬКЕ ВIД-НЯ),ГУЛЯЙПIЛЬСЬКИЙ РАЙОН,807
data_ti_sprsti_259,8,8,ВIЛЬНЯНСЬКА OДПI ГУ ДФС У ЗАПОРIЗЬКIЙ ОБЛ.,ЗАПОРIЗЬКИЙ РАЙОН,808
data_ti_sprsti_260,8,9,ЕНЕРГОДАРСЬКА ОДПI ГУ ДФС (КАМ'ЯНСЬКО-ДНIПРОВСЬКЕ ВIД),КАМ'ЯНСЬКО-ДНIПРОВСЬКИЙ РАЙОН,809
data_ti_sprsti_261,8,10,ПОЛОГIВСЬКА ОДПI ГУ ДФС (БIЛЬМАЦЬКЕ ВIД-НЯ),БIЛЬМАЦЬКИЙ РАЙОН,810
data_ti_sprsti_262,8,11,МЕЛIТОПОЛЬСЬКА ОДПI ГУ ДФС У ЗАПОРIЗЬКIЙ ОБЛ.,МЕЛIТОПОЛЬСЬКИЙ РАЙОН,811
data_ti_sprsti_263,8,12,ТОКМАЦЬКА ОДПI ГУ ДФС (МИХАЙЛIВСЬКЕ ВIД-НЯ),МИХАЙЛIВСЬКИЙ РАЙОН,812
data_ti_sprsti_264,8,13,ВIЛЬНЯНСЬКА OДПI ГУ ДФС (НОВОМИКОЛАЇВСЬКЕ ВIД-НЯ),НОВОМИКОЛАЇВСЬКИЙ РАЙОН,813
data_ti_sprsti_265,8,14,ПОЛОГIВСЬКА ОДПI ГУ ДФС (ОРIХIВСЬКЕ ВIД-НЯ),ОРIХIВСЬКИЙ РАЙОН,814
data_ti_sprsti_266,8,15,ПОЛОГIВСЬКА ОДПI ГУ ДФС У ЗАПОРIЗЬКIЙ ОБЛ.,ПОЛОГIВСЬКИЙ РАЙОН,815
data_ti_sprsti_267,8,16,МЕЛIТОПОЛЬСЬКА ОДПI ГУ ДФС (ПРИАЗОВСЬКЕ ВIД-НЯ),ПРИАЗОВСЬКИЙ РАЙОН,816
data_ti_sprsti_268,8,17,БЕРДЯНСЬКА ОДПI ГУ ДФС (ПРИМОРСЬКЕ ВIД-НЯ),ПРИМОРСЬКИЙ РАЙОН,817
data_ti_sprsti_269,8,18,ПОЛОГIВСЬКА ОДПI ГУ ДФС (РОЗIВСЬКЕ ВIД-НЯ),РОЗIВСЬКИЙ РАЙОН,818
data_ti_sprsti_270,8,19,ТОКМАЦЬКА ОДПI ГУ ДФС У ЗАПОРIЗЬКIЙ ОБЛ.,ТОКМАЦЬКИЙ РАЙОН,819
data_ti_sprsti_271,8,20,ТОКМАЦЬКА ОДПI ГУ ДФС (ЧЕРНIГIВСЬКЕ ВIД-НЯ),ЧЕРНIГIВСЬКИЙ РАЙОН,820
data_ti_sprsti_272,8,21,МЕЛIТОПОЛЬСЬКА ОДПI ГУ ДФС (ЯКИМIВСЬКЕ ВIД-НЯ),ЯКИМIВСЬКИЙ РАЙОН,821
data_ti_sprsti_273,8,22,БЕРДЯНСЬКА ОДПI ГУ ДФС У ЗАПОРIЗЬКIЙ ОБЛ.,М. БЕРДЯНСЬК,822
data_ti_sprsti_274,8,23,ЕНЕРГОДАРСЬКА ОДПI ГУ ДФС У ЗАПОРIЗЬКIЙ ОБЛ.,М.ЕНЕРГОДАР,823
data_ti_sprsti_275,8,24,СДПI ПО РОБОТI З ВПП У М.ЗАПОРIЖЖI  ДПС,М.ЗАПОРIЖЖЯ,824
data_ti_sprsti_276,8,25,ЗАПОРIЗЬКА ОДПI ГУ ДФС (ВIД-НЯ У ЗАВОДСЬКОМУ Р-НI М.ЗА,ЗАВОДСЬКИЙ Р-Н М.ЗАПОРIЖЖЯ,825
data_ti_sprsti_277,8,26,ЗАПОРIЗЬКА ОДПI ГУ ДФС (ВIД-НЯ В ОЛЕКСАНДРIВСЬКОМУ Р-Н,ОЛЕКСАНДРIВСЬКИЙ РАЙОН М.ЗАПОРIЖЖЯ,826
data_ti_sprsti_278,8,27,ЗАПОРIЗЬКА ОДПI ГУ ДФС (ВIД-НЯ У КОМУНАРСЬКОМУ Р-НI М.,КОМУНАРСЬКИЙ РАЙОН М.ЗАПОРIЖЖЯ,827
data_ti_sprsti_279,8,28,ЗАПОРIЗЬКА ОДПI ГУ ДФС (ВIД-НЯ У ДНIПРОВСЬКОМУ Р-НI М.,ДНIПРОВСЬКИЙ РАЙОН М.ЗАПОРIЖЖЯ,828
data_ti_sprsti_280,8,29,ЗАПОРIЗЬКА ОДПI ГУ ДФС У ЗАПОРIЗЬКIЙ ОБЛАСТI,ВОЗНЕСЕНIВСЬКИЙ РАЙОН М.ЗАПОРIЖЖЯ,829
data_ti_sprsti_281,8,30,ЗАПОРIЗЬКА ОДПI ГУ ДФС (ВIД-НЯ У ШЕВЧЕНКIВСЬКОМУ Р-НI,ШЕВЧЕНКIВСЬКИЙ РАЙОН М.ЗАПОРIЖЖЯ,830
data_ti_sprsti_282,8,31,ЗАПОРIЗЬКА ОДПI ГУ ДФС (ВIД-НЯ У ХОРТИЦЬКОМУ Р-НI М.ЗА,ХОРТИЦЬКИЙ РАЙОН М.ЗАПОРIЖЖЯ,831
data_ti_sprsti_283,8,32,МЕЛIТОПОЛЬСЬКА ОДПI ГУ ДФС У ЗАПОРIЗЬКIЙ ОБЛ.,М.МЕЛIТОПОЛЬ,832
data_ti_sprsti_284,8,33,ТОКМАЦЬКА ОДПI ГУ ДФС У ЗАПОРIЗЬКIЙ ОБЛ.,М.ТОКМАК,833
data_ti_sprsti_285,9,1,НАДВIРНЯНСЬКА ОДПI ГУ ДФС (БОГОРОДЧАНСЬКЕ ВIДДIЛЕННЯ),БОГОРОДЧАНСЬКИЙ Р-Н,901
data_ti_sprsti_286,9,2,КОЛОМИЙСЬКА ОДПI ГУ ДФС (ВЕРХОВИНСЬКЕ ВIДДIЛЕННЯ),ВЕРХОВИНСЬКИЙ Р-Н,902
data_ti_sprsti_287,9,3,КАЛУСЬКА ОДПI ГУ ДФС (ГАЛИЦЬКЕ ВIДДIЛЕННЯ),ГАЛИЦЬКИЙ Р-Н,903
data_ti_sprsti_288,9,4,ТИСМЕНИЦЬКА ОДПI ГУ ДФС(ГОРОДЕНКIВСЬКЕ ВIДДIЛЕННЯ),ГОРОДЕНКIВСЬКИЙ Р-Н,904
data_ti_sprsti_289,9,5,ДОЛИНСЬКА ОДПI ГУ ДФС,ДОЛИНСЬКИЙ Р-Н,905
data_ti_sprsti_290,9,6,КАЛУСЬКА ОДПI ГУ ДФС,КАЛУСЬКИЙ Р-Н,906
data_ti_sprsti_291,9,7,КОЛОМИЙСЬКА ОДПI ГУ ДФС,КОЛОМИЙСЬКИЙ Р-Н,907
data_ti_sprsti_292,9,8,КОЛОМИЙСЬКА ОДПI ГУ ДФС (КОСIВСЬКЕ ВIДДIЛЕННЯ),КОСIВСЬКИЙ Р-Н,908
data_ti_sprsti_293,9,9,НАДВIРНЯНСЬКА ОДПI ГУ ДФС,НАДВIРНЯНСЬКИЙ Р-Н,909
data_ti_sprsti_294,9,10,КАЛУСЬКА ОДПI ГУ ДФС (РОГАТИНСЬКЕ ВIДДIЛЕННЯ),РОГАТИНСЬКИЙ Р-Н,910
data_ti_sprsti_295,9,11,ДОЛИНСЬКА ОДПI ГУ ДФС (РОЖНЯТIВСЬКЕ ВIДДIЛЕННЯ),РОЖНЯТIВСЬКИЙ Р-Н,911
data_ti_sprsti_296,9,12,КОЛОМИЙСЬКА ОДПI ГУ ДФС (СНЯТИНСЬКЕ ВIДДIЛЕННЯ),СНЯТИНСЬКИЙ Р-Н,912
data_ti_sprsti_297,9,13,ТИСМЕНИЦЬКА ОДПI ГУ ДФС,ТИСМЕНИЦЬКИЙ Р-Н,913
data_ti_sprsti_298,9,14,ТИСМЕНИЦЬКА ОДПI ГУ ДФС (ТЛУМАЦЬКЕ ВIДДIЛЕННЯ),ТЛУМАЦЬКИЙ Р-Н,914
data_ti_sprsti_299,9,15,ДПI У М.IВАНО-ФРАНКIВСЬКУ ГУ ДФС,М.IВАНО-ФРАНКIВСЬК,915
data_ti_sprsti_300,9,16,КАЛУСЬКА ОДПI ГУ ДФС,М.КАЛУШ,916
data_ti_sprsti_301,9,17,КОЛОМИЙСЬКА ОДПI ГУ ДФС,М.КОЛОМИЯ,917
data_ti_sprsti_302,9,18,НАДВIРНЯНСЬКА ОДПI ГУ ДФС (ЯРЕМЧАНСЬКЕ ВIДДIЛЕННЯ),М.ЯРЕМЧЕ,918
data_ti_sprsti_303,9,20,ДОЛИНСЬКА ОДПI ГУ ДФС (БОЛЕХIВСЬКЕ ВIДДIЛЕННЯ),М.БОЛЕХIВ,920
data_ti_sprsti_304,9,21,КАЛУСЬКА ОДПI ГУ ДФС (ГАЛИЦЬКЕ ВIДДIЛЕННЯ),М.БУРШТИН,921
data_ti_sprsti_305,10,1,БАРИШIВСЬКО-БЕРЕЗАНСЬКЕ ВIДДIЛЕННЯ (БАРИШIВСЬКИЙ Р-Н),БАРИШIВСЬКИЙ Р-Н,1001
data_ti_sprsti_306,10,2,БIЛОЦЕРКIВСЬКА ОДПI ГУ ДФС У КИЇВСЬКIЙ ОБЛАСТI,БIЛОЦЕРКIВСЬКИЙ РАЙОН,1002
data_ti_sprsti_307,10,3,БОГУСЛАВСЬКЕ ВIДДIЛЕННЯ БIЛОЦЕРКIВСЬКОЇ ОДПI,БОГУСЛАВСЬКИЙ Р-Н,1003
data_ti_sprsti_308,10,4,"БОРИСПIЛЬСЬКЕ ВIДДIЛЕН, (БОРИСП. Р-Н.)БРОВАРСЬКОЇ ОДПI",БОРИСПIЛЬСЬКИЙ РАЙОН,1004
data_ti_sprsti_309,10,5,ВИШГОРОДСЬКА ОДПI БОРОДЯНСЬКЕ ВIДДIЛЕННЯ,СМТ. БОРОДЯНКА,1005
data_ti_sprsti_310,10,6,БРОВАРСЬКА ОДПI (БРОВАРСЬКИЙ Р-Н) ГУ ДФС У КИЇВСЬКIЙ,БРОВАРСЬКИЙ РАЙОН,1006
data_ti_sprsti_311,10,7,КИЕВО-СВЯТОШИНСЬКА ОДПI (ВАСИЛЬКIВСЬКЕ ВIДДIЛЕННЯ),ВАСИЛЬКIВСЬКИЙ Р-Н,1007
data_ti_sprsti_312,10,8,ВИШГОРОДСЬКА ОДПI ГУ ДФС У КИЇВСЬКIЙ ОБЛАСТI,ВИШГОРОДСЬКИЙ РАЙОН,1008
data_ti_sprsti_313,10,9,ВОЛОДАРСЬКЕ ВIДДIЛЕННЯ БIЛОЦЕРКIВСЬКОЇ ОДПI,ВОЛОДАРСЬКИЙ Р-Н,1009
data_ti_sprsti_314,10,10,ЗГУРIВСЬКЕ ВIДДIЛЕННЯ БРОВАРСЬКОЇ ОДПI,ЗГУРIВСЬКИЙ Р-Н,1010
data_ti_sprsti_315,10,11,ВИШГОРОДСЬКА ОДПI IВАНКIВСЬКЕ ВIДДIЛЕННЯ,IВАНКIВСЬКИЙ РАЙОН,1011
data_ti_sprsti_316,10,12,КАГАРЛИЦЬКЕ ВIДIЛЕННЯ БIЛОЦЕРКIВСЬКОЇ ОДПI,КАГАРЛИЦЬКИЙ Р-Н,1012
data_ti_sprsti_317,10,13,КИЕВО-СВЯТОШИНСЬКА ОДПI ГУ ДФС У КИЇВСЬКIЙ ОБЛАСТI,КИЄВО-СВЯТОШИНСЬКИЙ Р-Н,1013
data_ti_sprsti_318,10,14,ВИШГОРОДСЬКА ОДПI МАКАРIВСЬКЕ ВIДДIЛЕННЯ,МАКАРIВСЬКИЙ Р-Н,1014
data_ti_sprsti_319,10,15,МИРОНIВСЬКЕ ВIДДIЛЕННЯ БIЛОЦЕРКIВСЬКОЇ ОДПI,МИРОНIВСЬКИЙ Р-Н,1015
data_ti_sprsti_320,10,16,КИЕВО-СВЯТОШИНСЬКА ОДПI (ОБУХIВСЬКЕ ВIДДIЛЕННЯ),ОБУХIВСЬКИЙ Р-Н,1016
data_ti_sprsti_321,10,17,ПЕРЕЯСЛАВ-ХМЕЛЬНИЦЬКЕ ВIД (ПЕРЕЯСЛ-ХМ. Р-Н) БРОВ.ОДПI,ПЕРЕЯСЛАВ-ХМЕЛЬНИЦЬКИЙ Р-Н,1017
data_ti_sprsti_322,10,18,ВИШГОРОДСЬКА ОДПI ПОЛIСЬКЕ ВIДДIЛЕННЯ,ПОЛIСЬКИЙ РАЙОН,1018
data_ti_sprsti_323,10,19,РОКИТНЯНСЬКЕ ВIДДIЛЕННЯ БIЛОЦЕРКIВСЬКОЇ ОДПI,РОКИТНЯНСЬКИЙ РАЙОН,1019
data_ti_sprsti_324,10,20,СКВИРСЬКЕ ВIДДIЛЕННЯ БIЛОЦЕРКIВСЬКОЇ ОДПI,СКВИРСЬКИЙ Р-Н,1020
data_ti_sprsti_325,10,21,СТАВИЩЕНСЬКЕ ВIДДIЛЕННЯ БIЛОЦЕРКIВСЬКОЇ ОДПI,СТАВИЩЕНСЬКИЙ Р-Н,1021
data_ti_sprsti_326,10,22,ТАРАЩАНСЬКЕ ВIДДIЛЕННЯ БIЛОЦЕРКIВСЬКОЇ ОДПI,ТАРАЩАНСЬКИЙ РАЙОН,1022
data_ti_sprsti_327,10,23,ТЕТIЇВСЬКЕ ВIДДIЛЕННЯ БIЛОЦЕРКIВСЬКОЇ ОДПI,ТЕТIЇВСЬКИЙ Р-Н,1023
data_ti_sprsti_328,10,24,КИЕВО-СВЯТОШИНСЬКА ОДПI (ФАСТIВСЬКЕ ВIДДIЛЕННЯ),ФАСТIВСЬКИЙ Р-Н,1024
data_ti_sprsti_329,10,25,ЯГОТИНСЬКЕ ВIДДIЛЕННЯ БРОВАРСЬКОЇ ОДПI,ЯГОТИНСЬКИЙ Р-Н,1025
data_ti_sprsti_330,10,26,БАРИШIВСЬКО-БЕРЕЗАНСЬКЕ ВIДДIЛЕННЯ (М.БЕРЕЗАНЬ),М.БЕРЕЗАНЬ,1026
data_ti_sprsti_331,10,27,БIЛОЦЕРКIВСЬКА ОДПI ГУ ДФС У КИЇВСЬКIЙ ОБЛАСТI,М.БIЛА ЦЕРКВА,1027
data_ti_sprsti_332,10,28,БОРИСПIЛЬСЬКЕ ВIДДIЛЕННЯ (М.БОРИСП.) БРОВАРСЬКОЇ ОДПI,М.БОРИСПIЛЬ,1028
data_ti_sprsti_333,10,29,БРОВАРСЬКА ОДПI (М.БРОВАРИ) ГУ ДФС У КИЇВСЬКIЙ ОБЛАСТI,М.БРОВАРИ,1029
data_ti_sprsti_334,10,30,КИЕВО-СВЯТОШИНСЬКА ОДПI (ВАСИЛЬКIВСЬКЕ В. М.ВАСИЛЬКIВ),М.ВАСИЛЬКIВ,1030
data_ti_sprsti_335,10,31,ВИШГОРОДСЬКА ОДПI IРПIНСЬКЕ ВIДДIЛЕННЯ,М.IРПIНЬ,1031
data_ti_sprsti_336,10,32,ПЕРЕЯСЛАВ-ХМЕЛЬНИЦЬКЕ ВIД (М.ПЕРЕЯСЛ-ХМ.) БРОВ.ОДПI,М.ПЕРЕЯСЛАВ-ХМЕЛЬНИЦЬКИЙ,1032
data_ti_sprsti_337,10,33,КАГАРЛИЦЬКЕ ВIДДIЛЕННЯ (М.РЖИЩIВ) БIЛОЦЕРКIВСЬКОЇ ОДПI,М.РЖИЩIВ,1033
data_ti_sprsti_338,10,34,ВIДДIЛЕННЯ У М СЛАВУТИЧI БРОВАРСЬКОЇ ОДПI,М.СЛАВУТИЧ,1034
data_ti_sprsti_339,10,35,КИЕВО-СВЯТОШИНСЬКА ОДПI (ФАСТIВСЬКЕ В. М.ФАСТIВ),М.ФАСТIВ,1035
data_ti_sprsti_340,10,37,КИЕВО-СВЯТОШИНСЬКА ОДПI (ОБУХIВСЬКЕ В. М.ОБУХIВ),М.ОБУХIВ,1037
data_ti_sprsti_341,10,38,ВИШГОРОДСЬКА ОДПI IРПIНСЬКЕ ВIДДIЛЕННЯ М. БУЧА,М.БУЧА,1038
data_ti_sprsti_342,10,51,УПРАВЛIННЯ ОПОДАТКУВАННЯ ОБЛАСНИХ ОРГАНIЗАЦIЙ,КИЇВСЬКА ОБЛАСТЬ,1051
data_ti_sprsti_343,11,1,НОВОУКРАЇНСЬКА ОДПI ГУ ДФС  (БОБРИНЕЦЬКЕ ВIДДIЛЕННЯ),БОБРИНЕЦЬКИЙ РАЙОН,1101
data_ti_sprsti_344,11,2,ГОЛОВАНIВСЬКА ОДПI ГУ ДФС (ВIЛЬШАНСЬКЕ ВIДДIЛЕННЯ),ВIЛЬШАНСЬКИЙ РАЙОН,1102
data_ti_sprsti_345,11,3,ГОЛОВАНIВСЬКА ОДПI ГУ ДФС (ГАЙВОРОНСЬКЕ ВIДДIЛЕННЯ),ГАЙВОРОНСЬКИЙ РАЙОН,1103
data_ti_sprsti_346,11,4,ГОЛОВАНIВСЬКА ОДПI ГУ ДФС У КIРОВОГРАДСЬКIЙ ОБЛАСТI,ГОЛОВАНIВСЬКИЙ РАЙОН,1104
data_ti_sprsti_347,11,5,ГОЛОВАНIВСЬКА ОДПI ГУ ДФС (ДОБРОВЕЛИЧКIВСЬКЕ ВIД-НЯ),ДОБРОВЕЛИЧКIВСЬКИЙ РАЙОН,1105
data_ti_sprsti_348,11,6,КРОПИВНИЦЬКА ОДПI ГУ ДФС (ДОЛИНСЬКЕ ВIДДIЛЕННЯ),ДОЛИНСЬКИЙ РАЙОН,1106
data_ti_sprsti_349,11,7,ОЛЕКСАНДРIЙСЬКА ОДПI ГУ ДФС (ЗНАМ'ЯНСЬКИЙ РАЙОН),ЗНАМ'ЯНСЬКИЙ РАЙОН,1107
data_ti_sprsti_350,11,8,КРОПИВНИЦЬКА ОДПI ГУ ДФС (КIРОВОГРАДСЬКЕ ВIДДIЛЕННЯ),КIРОВОГРАДСЬКИЙ РАЙОН,1108
data_ti_sprsti_351,11,9,НОВОУКРАЇНСЬКА ОДПI ГУ ДФС (КОМПАНIЇВСЬКЕ ВIДДIЛЕННЯ),КОМПАНIЇВСЬКИЙ РАЙОН,1109
data_ti_sprsti_352,11,10,НОВОУКРАЇНСЬКА ОДПI ГУ ДФС (МАЛОВИСКIВСЬКЕ ВIДДIЛЕННЯ),МАЛОВИСКIВСЬКИЙ РАЙОН,1110
data_ti_sprsti_353,11,11,КРОПИВНИЦЬКА ОДПI ГУ ДФС (НОВГОРОДКIВСЬКЕ ВIДДIЛЕННЯ,НОВГОРОДКIВСЬКИЙ РАЙОН,1111
data_ti_sprsti_354,11,12,ГОЛОВАНIВСЬКА ОДПI ГУ ДФС (НОВОАРХАНГЕЛЬСЬКЕ ВIД-ННЯ),НОВОАРХАНГЕЛЬСЬКИЙ РАЙОН,1112
data_ti_sprsti_355,11,13,НОВОУКРАЇНСЬКА  ОДПI ГУ ДФС (НОВОМИРГОРОДСЬКЕ ВIД-НЯ),НОВОМИРГОРОДСЬКИЙ РАЙОН,1113
data_ti_sprsti_356,11,14,НОВОУКРАЇНСЬКА  ОДПI ГУ ДФС У КIРОВОГРАДСЬКIЙ ОБЛАСТI,НОВОУКРАЇНСЬКИЙ РАЙОН,1114
data_ti_sprsti_357,11,15,ОЛЕКСАНДРIЙСЬКА ОДПI ГУ ДФС (ОЛЕКСАНДРIВСЬКЕ ВIДДIЛЕНН,ОЛЕКСАНДРIВСЬКИЙ РАЙОН,1115
data_ti_sprsti_358,11,16,ОЛЕКСАНДРIЙСЬКА ОДПI ГУ ДФС (ОЛЕКСАНДРIЙСЬКИЙ РАЙОН),ОЛЕКСАНДРIЙСЬКИЙ РАЙОН,1116
data_ti_sprsti_359,11,17,ОЛЕКСАНДРIЙСЬКА ОДПI ГУ ДФС (ОНУФРIЇВСЬКЕ ВIДДIЛЕННЯ),ОНУФРIЇВСЬКИЙ РАЙОН,1117
data_ti_sprsti_360,11,18,ОЛЕКСАНДРIЙСЬКА ОДПI ГУ ДФС (ПЕТРIВСЬКЕ ВIДДIЛЕННЯ),ПЕТРIВСЬКИЙ РАЙОН,1118
data_ti_sprsti_361,11,19,ОЛЕКСАНДРIЙСЬКА ОДПI ГУ ДФС (СВIТЛОВОДСЬКИЙ РАЙОН),СВIТЛОВОДСЬКИЙ РАЙОН,1119
data_ti_sprsti_362,11,20,ГОЛОВАНIВСЬКА ОДПI ГУ ДФС (БЛАГОВIЩЕНСЬКЕ ВIДДIЛЕННЯ),БЛАГОВIЩЕНСЬКИЙ РАЙОН,1120
data_ti_sprsti_363,11,21,НОВОУКРАЇНСЬКА ОДПI ГУ ДФС (УСТИНIВСЬКЕ ВIДДIЛЕННЯ),УСТИНIВСЬКИЙ РАЙОН,1121
data_ti_sprsti_364,11,22,ОЛЕКСАНДРIЙСЬКА ОДПI ГУ ДФС (ЗНАМ'ЯНСЬКЕ ВIДДIЛЕННЯ),М.ЗНАМ'ЯНКА,1122
data_ti_sprsti_365,11,23,КРОПИВНИЦЬКА ОДПI ГУ ДФС У КIРОВОГРАДСЬКIЙ ОБЛАСТI,М.КРОПИВНИЦЬКИЙ,1123
data_ti_sprsti_366,11,24,ДПI В ЛЕНIНСЬКОМУ Р-НI М.КIРОВОГРАД,М.КIРОВОГРАД,0
data_ti_sprsti_367,11,25,ДПI В КIРОВСЬКОМУ Р-НI М.КIРОВОГРАД,М.КIРОВОГРАД,0
data_ti_sprsti_368,11,26,ОЛЕКСАНДРIЙСЬКА ОДПI ГУ ДФС У КIРОВОГРАДСЬКIЙ ОБЛАСТI,М.ОЛЕКСАНДРIЯ,1126
data_ti_sprsti_369,11,27,ОЛЕКСАНДРIЙСЬКА ОДПI ГУ ДФС (СВIТЛОВОДСЬКЕ ВIДДIЛЕННЯ),М.СВIТЛОВОДСЬК,1127
data_ti_sprsti_370,12,1,СДПI ПО РОБОТI З ВПП У М.ЛУГАНСЬКУ,М.ЛУГАНСЬК,1201
data_ti_sprsti_371,12,2,ЛУГАНСЬКА ОДПI (АНТРАЦИТIВСЬКЕ ВIДДIЛЕННЯ),М.АНТРАЦИТ,1202
data_ti_sprsti_372,12,3,ЛУГАНСЬКА ОДПI (М.БРЯНКА),М.БРЯНКА,1203
data_ti_sprsti_373,12,4,ЛУГАНСЬКА ОДПI (СТАХАНОВСЬКЕ ВIДДIЛЕННЯ),М.СТАХАНОВ,1204
data_ti_sprsti_374,12,5,ЛУГАНСЬКА ОДПI (М.КIРОВСЬК),М.КIРОВСЬК,1205
data_ti_sprsti_375,12,6,ЛУГАНСЬКА ОДПI (АЛЧЕВСЬКЕ ВIДДIЛЕННЯ),М.АЛЧЕВСЬК,1206
data_ti_sprsti_376,12,7,ЛУГАНСЬКА ОДПI (КРАСНОДОНСЬКЕ ВIДДIЛЕННЯ),М.КРАСНОДОН,1207
data_ti_sprsti_377,12,8,ЛУГАНСЬКА ОДПI (КРАСНОЛУЧСЬКЕ ВIДДIЛЕННЯ),М.КРАСНИЙ ЛУЧ,1208
data_ti_sprsti_378,12,9,ДПI У М.ЛИСИЧАНСЬКУ ГУ ДФС У ЛУГАНСЬКIЙ ОБЛАСТI,М.ЛИСИЧАНСЬК,1209
data_ti_sprsti_379,12,10,ПЕРВОМАЙСЬКА ОДПI ГУ ДФС У ЛУГАНСЬКIЙ ОБЛАСТI,ПОПАСНЯНСЬКИЙ Р-Н,1210
data_ti_sprsti_380,12,11,ЛУГАНСЬКА ОДПI (РОВЕНЬКIВСЬКЕ ВIДДIЛЕННЯ),М.РОВЕНЬКИ,1211
data_ti_sprsti_381,12,12,РУБIЖАНСЬКА ОДПI ГУ ДФС У ЛУГАНСЬКIЙ ОБЛАСТI,М.РУБIЖНЕ,1212
data_ti_sprsti_382,12,13,ЛУГАНСЬКА ОДПI (СВЕРДЛОВСЬКЕ ВIДДIЛЕННЯ),М.СВЕРДЛОВСЬК,1213
data_ti_sprsti_383,12,14,ДПI У М.СЄВЄРОДОНЕЦЬКУ ГУ ДФС У ЛУГАНСЬКIЙ ОБЛАСТI,М.СЄВЄРОДОНЕЦЬК,1214
data_ti_sprsti_384,12,15,ЛУГАНСЬКА ОДПI (АНТРАЦИТIВСЬКИЙ Р-Н),АНТРАЦИТIВСЬКИЙ Р-Н,1215
data_ti_sprsti_385,12,16,СТАНИЧНО-ЛУГАНСЬКА ОДПI (БIЛОВОДСЬКЕ ВIДДIЛЕННЯ),БIЛОВОДСЬКИЙ Р-Н,1216
data_ti_sprsti_386,12,17,СВАТIВСЬКА ОДПI (БIЛОКУРАКИНСЬКЕ ВIДДIЛЕННЯ),БIЛОКУРАКИНСЬКИЙ Р-Н,1217
data_ti_sprsti_387,12,18,ЛУГАНСЬКА ОДПI (КРАСНОДОНСЬКИЙ Р-Н),КРАСНОДОНСЬКИЙ Р-Н,1218
data_ti_sprsti_388,12,19,РУБIЖАНСЬКА ОДПI (КРЕМIНСЬКЕ ВIДДIЛЕННЯ),КРЕМIНСЬКИЙ Р-Н,1219
data_ti_sprsti_389,12,20,ЛУГАНСЬКА ОДПI (ЛУТУГИНСЬКЕ ВIДДIЛЕННЯ),ЛУТУГИНСЬКИЙ Р-Н,1220
data_ti_sprsti_390,12,21,СТАРОБIЛЬСЬКА ОДПI (МАРКIВСЬКЕ ВIДДIЛЕННЯ),МАРКIВСЬКИЙ Р-Н,1221
data_ti_sprsti_391,12,22,СТАНИЧНО-ЛУГАНСЬКА ОДПI (МIЛОВСЬКЕ ВIДДIЛЕННЯ),МIЛОВСЬКИЙ Р-Н,1222
data_ti_sprsti_392,12,23,СЛОВ'ЯНОСЕРБСЬКА ОДПI (НОВОАЙДАРСЬКЕ ВIДДIЛЕННЯ),НОВОАЙДАРСЬКИЙ Р-Н,1223
data_ti_sprsti_393,12,24,СТАРОБIЛЬСЬКА ОДПI (НОВОПСКОВСЬКЕ ВIДДIЛЕННЯ),НОВОПСКОВСЬКИЙ Р-Н,1224
data_ti_sprsti_394,12,25,ЛУГАНСЬКА ОДПI (ПЕРЕВАЛЬСЬКИЙ Р-Н),ПЕРЕВАЛЬСЬКИЙ Р-Н,1225
data_ti_sprsti_395,12,26,ПЕРВОМАЙСЬКА ОДПI (ПОПАСНЯНСЬКЕ ВIДДIЛЕННЯ),ПОПАСНЯНСЬКИЙ Р-Н,1226
data_ti_sprsti_396,12,27,СВАТIВСЬКА ОДПI ГУ ДФС У ЛУГАНСЬКIЙ ОБЛАСТI,СВАТIВСЬКИЙ Р-Н,1227
data_ti_sprsti_397,12,28,СЛОВ'ЯНОСЕРБСЬКА ОДПI  ГУ ДФС У ЛУГАНСЬКIЙ ОБЛАСТI,СЛОВ'ЯНОСЕРБСЬКИЙ Р-Н,1228
data_ti_sprsti_398,12,29,СТАНИЧНО-ЛУГАНСЬКА ОДПI ГУ ДФС У ЛУГАНСЬКIЙ ОБЛАСТI,СТАНИЧНО-ЛУГАНСЬКИЙ Р-Н,1229
data_ti_sprsti_399,12,30,СТАРОБIЛЬСЬКА ОДПI ГУ ДФС У ЛУГАНСЬКIЙ ОБЛАСТI,СТАРОБIЛЬСЬКИЙ Р-Н,1230
data_ti_sprsti_400,12,31,СВАТIВСЬКА ОДПI (ТРОЇЦЬКЕ ВIДДIЛЕННЯ),ТРОЇЦЬКИЙ Р-Н,1231
data_ti_sprsti_401,12,33,ЛУГАНСЬКА ОДПI (АРТЕМIВСЬКЕ ВIДДIЛЕННЯ),АРТЕМIВСЬКИЙ Р-Н М.ЛУГАНСЬК,1233
data_ti_sprsti_402,12,34,ЛУГАНСЬКА ОДПI (ЖОВТНЕВЕ ВIДДIЛЕННЯ),ЖОВТНЕВИЙ Р-Н М.ЛУГАНСЬК,1234
data_ti_sprsti_403,12,35,ЛУГАНСЬКА ОДПI (КАМ'ЯНОБРОДСЬКИЙ Р-Н),КАМ'ЯНОБРОДСЬКИЙ Р-Н М.ЛУГАНСЬК,1235
data_ti_sprsti_404,12,36,ЛУГАНСЬКА ОДПI ГУ ДФС У ЛУГАНСЬКIЙ ОБЛ.,ЛЕНIНСЬКИЙ Р-Н М.ЛУГАНСЬК,1236
data_ti_sprsti_405,12,50,ДПI В МIС.СВЕРДЛОВСЬКУ,СВЕРДЛОВСЬКИЙ Р-Н,0
data_ti_sprsti_406,13,2,СДПI ВПП У М. ЛЬВОВI ДПС,М. ЛЬВIВ,1302
data_ti_sprsti_407,13,3,ЗАЛIЗНИЧНА ОДПI ГУ ДФС У ЛЬВIВСЬКIЙ ОБЛАСТI,ЗАЛIЗНИЧНИЙ РАЙОН М. ЛЬВОВА,1303
data_ti_sprsti_408,13,4,ГАЛИЦЬКА ОДПI ГУ ДФС У ЛЬВIВСЬКIЙ ОБЛАСТI,ГАЛИЦЬКИЙ РАЙОН М. ЛЬВОВА,1304
data_ti_sprsti_409,13,5,ЗАЛIЗНИЧНА ОДПI (ФРАНКIВСЬКЕ ВIДДIЛЕННЯ),ФРАНКIВСЬКИЙ РАЙОН М. ЛЬВОВА,1305
data_ti_sprsti_410,13,6,ЛИЧАКIВСЬКА ОДПI ГУ ДФС У ЛЬВIВСЬКIЙ ОБЛАСТI,ЛИЧАКIВСЬКИЙ РАЙОН М. ЛЬВОВА,1306
data_ti_sprsti_411,13,7,ЛИЧАКIВСЬКА ОДПI (ШЕВЧЕНКIВCЬКЕ ВIДДIЛЕННЯ),ШЕВЧЕНКIВСЬКИЙ РАЙОН М. ЛЬВОВА,1307
data_ti_sprsti_412,13,8,ДРОГОБИЦЬКА ОДПI ГУ ДФС У ЛЬВ.ОБ.(БОРИСЛАВСЬКЕ ВIД-НЯ),М. БОРИСЛАВ,1308
data_ti_sprsti_413,13,9,ДРОГОБИЦЬКА ОДПI ГУ ДФС У ЛЬВIВСЬКIЙ ОБЛАСТI,М. ДРОГОБИЧ,1309
data_ti_sprsti_414,13,10,САМБIРСЬКА ОДПI ГУ ДФС У ЛЬВIВСЬКIЙ ОБЛАСТI,М. САМБIР,1310
data_ti_sprsti_415,13,11,СТРИЙСЬКА ОДПI ГУ ДФС У ЛЬВIВСЬКIЙ ОБЛАСТI,М. СТРИЙ,1311
data_ti_sprsti_416,13,12,ДРОГОБИЦЬКА ОДПI ГУ ДФС У ЛЬВ.ОБ.(ТРУСКАВЕЦЬКЕ ВIД-НЯ),М. ТРУСКАВЕЦЬ,1312
data_ti_sprsti_417,13,13,ЧЕРВОНОГРАДСЬКА ОДПI ГУ ДФС У ЛЬВIВСЬКIЙ ОБЛАСТI,М. ЧЕРВОНОГРАД,1313
data_ti_sprsti_418,13,14,БУСЬКА ОДПI (БРОДIВСЬКЕ ВIДДIЛЕННЯ),БРОДIВСЬКИЙ РАЙОН,1314
data_ti_sprsti_419,13,15,БУСЬКА ОДПI ГУ ДФС У ЛЬВIВСЬКIЙ ОБЛАСТI,БУСЬКИЙ РАЙОН,1315
data_ti_sprsti_420,13,16,ГОРОДОЦЬКА ОДПI ГУ ДФС У ЛЬВIВСЬКIЙ ОБЛАСТI,ГОРОДОЦЬКИЙ РАЙОН,1316
data_ti_sprsti_421,13,17,ДРОГОБИЦЬКА ОДПI ГУ ДФС У ЛЬВ.ОБЛ.(ДРОГОБИЦЬКИЙ РАЙОН),ДРОГОБИЦЬКИЙ РАЙОН,1317
data_ti_sprsti_422,13,18,СТРИЙСЬКА ОДПI (ЖИДАЧIВСЬКЕ ВIДДIЛЕННЯ),ЖИДАЧIВСЬКИЙ РАЙОН,1318
data_ti_sprsti_423,13,19,БУСЬКА ОДПI (ЗОЛОЧIВСЬКЕ ВIДДIЛЕННЯ),ЗОЛОЧIВСЬКИЙ РАЙОН,1319
data_ti_sprsti_424,13,20,ЧЕРВОНОГРАДСЬКА ОДПI (КАМ'ЯНКА-БУЗЬКЕ ВIДДIЛЕННЯ),КАМ'ЯНКА-БУЗЬКИЙ РАЙОН,1320
data_ti_sprsti_425,13,21,СТРИЙСЬКА ОДПI (МИКОЛАЇВСЬКЕ ВIДДIЛЕННЯ),МИКОЛАЇВСЬКИЙ РАЙОН,1321
data_ti_sprsti_426,13,22,ГОРОДОЦЬКА ОДПI ГУ ДФС У ЛЬВIВ.ОБЛ. (МОСТИСЬКЕ ВIД-НЯ),МОСТИСЬКИЙ РАЙОН,1322
data_ti_sprsti_427,13,23,ЛИЧАКIВСЬКА ОДПI (ЖОВКIВСЬКЕ ВIДДIЛЕННЯ),ЖОВКIВСЬКИЙ РАЙОН,1323
data_ti_sprsti_428,13,24,БУСЬКА ОДПI (ПЕРЕМИШЛЯНСЬКЕ ВIДДIЛЕННЯ),ПЕРЕМИШЛЯНСЬКИЙ РАЙОН,1324
data_ti_sprsti_429,13,25,ГАЛИЦЬКА ОДПI (ПУСТОМИТIВСЬКЕ ВIДДIЛЕННЯ),ПУСТОМИТIВСЬКИЙ РАЙОН,1325
data_ti_sprsti_430,13,26,ЧЕРВОНОГРАДСЬКА ОДПI (РАДЕХIВСЬКЕ ВIДДIЛЕННЯ),РАДЕХIВСЬКИЙ РАЙОН,1326
data_ti_sprsti_431,13,27,САМБIРСЬКА ОДПI ГУ ДФС У ЛЬВIВ.ОБЛ.(САМБIРСЬКИЙ РАЙОН),САМБIРСЬКИЙ РАЙОН,1327
data_ti_sprsti_432,13,28,СТРИЙСЬКА ОДПI (СКОЛIВСЬКЕ ВIДДIЛЕННЯ),СКОЛIВСЬКИЙ РАЙОН,1328
data_ti_sprsti_433,13,29,ЧЕРВОНОГРАДСЬКА ОДПI (СОКАЛЬСЬКЕ ВIДДIЛЕННЯ),СОКАЛЬСЬКИЙ РАЙОН,1329
data_ti_sprsti_434,13,30,СТРИЙСЬКА ОДПI ГУ ДФС У ЛЬВIВ.ОБЛ. (СТРИЙСЬКИЙ РАЙОН),СТРИЙСЬКИЙ РАЙОН,1330
data_ti_sprsti_435,13,31,САМБIРСЬКА ОДПI ГУ ДФС У ЛВ.ОБ.(СТАРОСАМБIРСЬКЕ ВIД-НЯ,СТАРОСАМБIРСЬКИЙ РАЙОН,1331
data_ti_sprsti_436,13,32,САМБIРСЬКА ОДПI ГУ ДФС У ЛЬВIВ.ОБЛ.(ТУРКIВСЬКЕ ВIД-НЯ),ТУРКIВСЬКИЙ РАЙОН,1332
data_ti_sprsti_437,13,33,ГОРОДОЦЬКА ОДПI ГУ ДФС У ЛЬВIВ.ОБЛ.(ЯВОРIВСЬКЕ ВIД-НЯ),ЯВОРIВСЬКИЙ РАЙОН,1333
data_ti_sprsti_438,13,50,ГАЛИЦЬКА ОДПI (СИХIВСЬКЕ ВIДДIЛЕННЯ),СИХIВСЬКИЙ РАЙОН М. ЛЬВОВА,1350
data_ti_sprsti_439,13,51,СТРИЙСЬКА ОДПI ГУ ДФС У ЛЬВIВСЬКIЙ ОБЛАСТI (М.МОРШИН),М. МОРШИН,1351
data_ti_sprsti_440,13,52,СТРИЙСЬКА ОДПI ГУ ДФС У ЛЬВIВ.ОБЛ. (М.НОВИЙ РОЗДIЛ),М. НОВИЙ РОЗДIЛ,1352
data_ti_sprsti_441,14,1,СДПI ВПП У М.МИКОЛАЄВI МО ДПС,М.МИКОЛАЇВ,1401
data_ti_sprsti_442,14,2,ДПI В IНГУЛЬСЬКОМУ Р-НI М.МИКОЛАЄВА ГУ ДФС У МИК. ОБЛ.,IНГУЛЬСЬКИЙ Р-Н М.МИКОЛАЇВ,1402
data_ti_sprsti_443,14,3,ДПI У ЦЕНТРАЛЬНОМУ Р-НI М. МИКОЛАЄВА ГУ ДФС У МИК. ОБЛ,ЦЕНТРАЛЬНИЙ Р-Н М.МИКОЛАЇВ,1403
data_ti_sprsti_444,14,4,ДПI У ЦЕНТРАЛЬНОМУ Р-НI М. МИКОЛАЄВА (ЗАВОДСЬКИЙ Р-Н),ЗАВОДСЬКИЙ Р-Н М.МИКОЛАЇВ,1404
data_ti_sprsti_445,14,5,ДПI В IНГУЛЬСЬКОМУ Р-НI М. МИКОЛАЄВА (КОРАБЕЛЬНИЙ Р-Н),КОРАБЕЛЬНИЙ Р-Н М.МИКОЛАЇВ,1405
data_ti_sprsti_446,14,6,ОЧАКIВСЬКА ОДПI (ВОЗНЕСЕНСЬКЕ ВIДДIЛЕННЯ),М.ВОЗНЕСЕНСЬК,1406
data_ti_sprsti_447,14,7,ОЧАКIВСЬКА ОДПI ГУ ДФС У МИКОЛАЇВСЬКIЙ ОБЛАСТI,М.ОЧАКIВ,1407
data_ti_sprsti_448,14,8,ЮЖНОУКРАЇНСЬКА ОДПI (ПЕРВОМАЙСЬКЕ ВIДДIЛЕННЯ),М.ПЕРВОМАЙСЬК,1408
data_ti_sprsti_449,14,9,ЮЖНОУКРАЇНСЬКА ОДПI ГУ ДФС У МИКОЛАЇВСЬКIЙ ОБЛАСТI,М.ЮЖНОУКРАЇНСЬК,1409
data_ti_sprsti_450,14,10,ЮЖНОУКРАЇНСЬКА ОДПI (АРБУЗИНСЬКЕ ВIДДIЛЕННЯ),АРБУЗИНСЬКИЙ Р-Н,1410
data_ti_sprsti_451,14,11,БАШТАНСЬКА ОДПI ГУ ДФС У МИКОЛАЇВСЬКIЙ ОБЛАСТI,БАШТАНСЬКИЙ Р-Н,1411
data_ti_sprsti_452,14,12,ОЧАКIВСЬКА ОДПI (БЕРЕЗАНСЬКЕ ВIДДIЛЕННЯ),БЕРЕЗАНСЬКИЙ Р-Н,1412
data_ti_sprsti_453,14,13,БАШТАНСЬКА ОДПI (БЕРЕЗНЕГУВАТСЬКЕ ВIДДIЛЕННЯ),БЕРЕЗНЕГУВАТСЬКИЙ Р-Н,1413
data_ti_sprsti_454,14,14,ЮЖНОУКРАЇНСЬКА ОДПI (БРАТСЬКЕ ВIДДIЛЕННЯ),БРАТСЬКИЙ Р-Н,1414
data_ti_sprsti_455,14,15,ОЧАКIВСЬКА ОДПI (ВЕСЕЛИНIВСЬКЕ ВIДДIЛЕННЯ),ВЕСЕЛИНIВСЬКИЙ Р-Н,1415
data_ti_sprsti_456,14,16,ОЧАКIВСЬКА ОДПI (ВОЗНЕСЕНСЬКИЙ Р-Н),ВОЗНЕСЕНСЬКИЙ Р-Н,1416
data_ti_sprsti_457,14,17,ЮЖНОУКРАЇНСЬКА ОДПI (ВРАДIЇВСЬКЕ ВIДДIЛЕННЯ),ВРАДIЇВСЬКИЙ Р-Н,1417
data_ti_sprsti_458,14,18,ЮЖНОУКРАЇНСЬКА ОДПI (ДОМАНIВСЬКЕ ВIДДIЛЕННЯ),ДОМАНIВСЬКИЙ Р-Н,1418
data_ti_sprsti_459,14,19,ОЧАКIВСЬКА ОДПI (ЄЛАНЕЦЬКЕ ВIДДIЛЕННЯ),ЄЛАНЕЦЬКИЙ Р-Н,1419
data_ti_sprsti_460,14,20,БАШТАНСЬКА ОДПI (ВIТОВСЬКЕ ВIДДIЛЕННЯ),ВIТОВСЬКИЙ Р-Н,1420
data_ti_sprsti_461,14,21,БАШТАНСЬКА ОДПI (КАЗАНКIВСЬКЕ ВIДДIЛЕННЯ),КАЗАНКIВСЬКИЙ Р-Н,1421
data_ti_sprsti_462,14,22,ЮЖНОУКРАЇНСЬКА ОДПI (КРИВООЗЕРСЬКЕ ВIДДIЛЕННЯ),КРИВООЗЕРСЬКИЙ Р-Н,1422
data_ti_sprsti_463,14,23,ОЧАКIВСЬКА ОДПI (МИКОЛАЇВСЬКЕ ВIДДIЛЕННЯ),МИКОЛАЇВСЬКИЙ Р-Н,1423
data_ti_sprsti_464,14,24,БАШТАНСЬКА ОДПI (НОВОБУЗЬКЕ ВIДДIЛЕННЯ),НОВОБУЗЬКИЙ Р-Н,1424
data_ti_sprsti_465,14,25,ОЧАКIВСЬКА ОДПI (НОВООДЕСЬКЕ ВIДДIЛЕННЯ),НОВООДЕСЬКИЙ Р-Н,1425
data_ti_sprsti_466,14,26,ОЧАКIВСЬКА ОДПI (ОЧАКIВСЬКИЙ РАЙОН),ОЧАКIВСЬКИЙ Р-Н,1426
data_ti_sprsti_467,14,27,ЮЖНОУКРАЇНСЬКА ОДПI (ПЕРВОМАЙСЬКИЙ РАЙОН),ПЕРВОМАЙСЬКИЙ Р-Н,1427
data_ti_sprsti_468,14,28,БАШТАНСЬКА ОДПI (СНIГУРIВСЬКЕ ВIДДIЛЕННЯ),СНIГУРIВСЬКИЙ Р-Н,1428
data_ti_sprsti_469,15,1,СДПI ПО РОБОТI З ВПП У М.ОДЕСI ДПС,М.ОДЕСА,1501
data_ti_sprsti_470,15,2,IЗМАЇЛЬСЬКА ОДПI ГУ ДФС В ОДЕСЬКIЙ ОБЛАСТI,М.IЗМАЇЛ,1502
data_ti_sprsti_471,15,3,ЧОРНОМОРСЬКА ОДПI ГУ ДФС В ОДЕСЬКIЙ ОБЛАСТI,М.ЧОРНОМОРСЬК,1503
data_ti_sprsti_472,15,4,ПОДIЛЬСЬКА ОДПI ГУ ДФС В ОДЕСЬКIЙ ОБЛАСТI,М.ПОДIЛЬСЬК,1504
data_ti_sprsti_473,15,5,ЧОРНОМОРСЬКА ОДПI ГУ ДФС (Б-ДНIСТРОВСЬКЕ ВIДДIЛЕННЯ),М.БIЛГОРОД-ДНIСТРОВСЬКИЙ,1505
data_ti_sprsti_474,15,6,ПОДIЛЬСЬКА ОДПI ГУ ДФС (АНАНЬЇВСЬКЕ ВIДДIЛЕННЯ),АНАНЬЇВСЬКИЙ РАЙОН/М.АНАНЬЇВ,1506
data_ti_sprsti_475,15,7,АРЦИЗЬКА ОДПI ГУ ДФС В ОДЕСЬКIЙ ОБЛАСТI,АРЦИЗЬКИЙ Р-Н,1507
data_ti_sprsti_476,15,8,ПОДIЛЬСЬКА ОДПI ГУ ДФС (БАЛТСЬКЕ ВIДДIЛЕННЯ),БАЛТСЬКИЙ Р-Н,1508
data_ti_sprsti_477,15,9,РОЗДIЛЬНЯНСЬКА ОДПI ГУ ДФС (БIЛЯЇВСЬКЕ ВIДДIЛЕННЯ),БIЛЯЇВСЬКИЙ Р-Н,1509
data_ti_sprsti_478,15,10,ЛИМАНСЬКА ОДПI ГУ ДФС (БЕРЕЗIВСЬКЕ ВIДДIЛЕННЯ),БЕРЕЗIВСЬКИЙ Р-Н,1510
data_ti_sprsti_479,15,11,IЗМАЇЛЬСЬКА ОДПI ГУ ДФС (БОЛГРАДСЬКЕ ВIДДIЛЕННЯ),БОЛГРАДСЬКИЙ Р-Н,1511
data_ti_sprsti_480,15,12,ЧОРНОМОРСЬКА ОДПI ГУ ДФС (Б-ДНIСТРОВСЬКИЙ РАЙОН),БIЛГОРОД-ДНIСТРОВСЬКИЙ Р-Н,1512
data_ti_sprsti_481,15,13,РОЗДIЛЬНЯНСЬКА ОДПI ГУ ДФС (ВЕЛИКОМИХАЙЛIВСЬКЕ ВIД-НЯ),ВЕЛИКОМИХАЙЛIВСЬКИЙ Р-Н,1513
data_ti_sprsti_482,15,14,ЛИМАНСЬКА ОДПI ГУ ДФС (IВАНIВСЬКЕ ВIДДIЛЕННЯ),IВАНIВСЬКИЙ Р-Н,1514
data_ti_sprsti_483,15,15,IЗМАЇЛЬСЬКА ОДПI ГУ ДФС (IЗМАЇЛЬСЬКИЙ РАЙОН),IЗМАЇЛЬСЬКИЙ РАЙОН,1515
data_ti_sprsti_484,15,16,IЗМАЇЛЬСЬКА ОДПI ГУ ДФС (КIЛIЙСЬКЕ ВIДДIЛЕННЯ),КIЛIЙСЬКИЙ РАЙОН,1516
data_ti_sprsti_485,15,17,ЛИМАНСЬКА ОДПI ГУ ДФС В ОДЕСЬКIЙ ОБЛАСТI,ЛИМАНСЬКИЙ Р-Н,1517
data_ti_sprsti_486,15,18,ПОДIЛЬСЬКА ОДПI ГУ ДФС (КОДИМСЬКЕ ВIДДIЛЕННЯ),КОДИМСЬКИЙ Р-Н,1518
data_ti_sprsti_487,15,19,ПОДIЛЬСЬКА ОДПI ГУ ДФС (ПОДIЛЬСЬКИЙ РАЙОH),ПОДIЛЬСЬКИЙ РАЙОН,1519
data_ti_sprsti_488,15,20,ПОДIЛЬСЬКА ОДПI ГУ ДФС (ОКНЯНСЬКE ВIДДIЛЕННЯ),ОКНЯНСЬКИЙ РАЙОН,1520
data_ti_sprsti_489,15,21,ЧОРНОМОРСЬКА ОДПI ГУ ДФС (ОВIДIОПОЛЬСЬКЕ ВIДДIЛЕННЯ),ОВIДIОПОЛЬСЬКИЙ РАЙОН,1521
data_ti_sprsti_490,15,22,ПОДIЛЬСЬКА ОДПI ГУ ДФС (ЛЮБАШIВСЬКЕ ВIДДIЛЕННЯ),ЛЮБАШIВСЬКИЙ РАЙОН/СМТ ЛЮБАШIВКА,1522
data_ti_sprsti_491,15,23,ЛИМАНСЬКА ОДПI ГУ ДФС (МИКОЛАЇВСЬКЕ ВIДДIЛЕННЯ),МИКОЛАЇВСЬКИЙ Р-Н,1523
data_ti_sprsti_492,15,24,РОЗДIЛЬНЯНСЬКА ОДПI ГУ ДФС В ОДЕСЬКIЙ ОБЛАСТI,РОЗДIЛЬНЯНСЬКИЙ Р-Н,1524
data_ti_sprsti_493,15,25,IЗМАЇЛЬСЬКА ОДПI ГУ ДФС (РЕНIЙСЬКЕ ВIДДIЛЕННЯ),М.РЕНI,1525
data_ti_sprsti_494,15,26,ПОДIЛЬСЬКА ОДПI ГУ ДФС (САВРАНСЬКЕ ВIДДIЛЕННЯ),САВРАНСЬКИЙ РАЙОН/СМТ САВРАНЬ,1526
data_ti_sprsti_495,15,27,АРЦИЗЬКА ОДПI ГУ ДФС (САРАТСЬКЕ ВIДДIЛЕННЯ),САРАТСЬКИЙ Р-Н,1527
data_ti_sprsti_496,15,28,АРЦИЗЬКА ОДПI ГУ ДФС (ТАРУТИНСЬКЕ ВIДДIЛЕННЯ),ТАРУТИНСЬКИЙ Р-Н,1528
data_ti_sprsti_497,15,29,АРЦИЗЬКА ОДПI ГУ ДФС (ТАТАРБУНАРСЬКЕ ВIДДIЛЕННЯ),ТАТАРБУНАРСЬКИЙ Р-Н,1529
data_ti_sprsti_498,15,30,РОЗДIЛЬНЯНСЬКА ОДПI ГУ ДФС (ЗАХАРIВСЬКЕ ВIДДIЛЕННЯ),ЗАХАРIВСЬКИЙ Р-Н,1530
data_ti_sprsti_499,15,31,ЛИМАНСЬКА ОДПI ГУ ДФС (ШИРЯЇВСЬКЕ ВIДДIЛЕННЯ),ШИРЯЇВСЬКИЙ Р-Н,1531
data_ti_sprsti_500,15,33,ЛИМАНСЬКА ОДПI ГУ ДФС (ЮЖНЕНСЬКЕ ВIДДIЛЕННЯ),М.ЮЖНЕ,1533
data_ti_sprsti_501,15,34,РОЗДIЛЬНЯНСЬКА ОДПI ГУ ДФС (М.ТЕПЛОДАР),М.ТЕПЛОДАР,1534
data_ti_sprsti_502,15,40,ДПI У КИЇВСЬКОМУ Р-НI М.ОДЕСА,КИЇВСЬКИЙ Р-Н М.ОДЕСА,0
data_ti_sprsti_503,15,41,ДПI У МАЛИНОВСЬКОМУ Р-НI М.ОДЕСА,МАЛИНОВСЬКИЙ Р-Н М.ОДЕСА,0
data_ti_sprsti_504,15,42,ДПI У ПРИМОРСЬКОМУ Р-НI М.ОДЕСА,ПРИМОРСЬКИЙ Р-Н М.ОДЕСА,0
data_ti_sprsti_505,15,43,ДПI В IЛЛIЧIВСЬКОМУ Р-НI М.ОДЕСА,IЛЛIЧIВСЬКИЙ Р-Н М.ОДЕСА,0
data_ti_sprsti_506,15,44,ДПI У ЖОВТНЕВОМУ Р-НI М.ОДЕСА,ЖОВТНЕВИЙ Р-Н М.ОДЕСА,0
data_ti_sprsti_507,15,45,ДПI У ЦЕНТРАЛЬНОМУ Р-НI М.ОДЕСА,ЦЕНТРАЛЬНИЙ Р-Н М.ОДЕСА,0
data_ti_sprsti_508,15,46,ДПI У ЛЕНIНСЬКОМУ Р-НI М.ОДЕСА,ЛЕНIНСЬКИЙ Р-Н М.ОДЕСА,0
data_ti_sprsti_509,15,47,ДПI У СУВОРОВСЬКОМУ Р-НI М.ОДЕСА,СУВОРОВСЬКИЙ Р-Н М.ОДЕСА,0
data_ti_sprsti_510,15,51,ДПI У КИЇВСЬКОМУ РАЙОНI М.ОДЕСИ ГУ ДФС В ОДЕСЬКIЙ ОБЛ.,КИЇВСЬКИЙ Р-Н М.ОДЕСИ,1551
data_ti_sprsti_511,15,52,ДПI У МАЛИНОВСЬКОМУ Р-НI М.ОДЕСИ ГУ ДФС В ОДЕСЬКIЙ ОБЛ,МАЛИНОВСЬКИЙ Р-Н М.ОДЕСИ,1552
data_ti_sprsti_512,15,53,ДПI У ПРИМОРСЬКОМУ Р-НI М.ОДЕСИ ГУ ДФС В ОДЕСЬКIЙ ОБЛ.,ПРИМОРСЬКИЙ,1553
data_ti_sprsti_513,15,54,ДПI У СУВОРОВСЬКОМУ Р-НI М.ОДЕСИ ГУ ДФС В ОДЕСЬКIЙ ОБЛ,СУВОРОВСЬКИЙ Р-Н М.ОДЕСИ,1554
data_ti_sprsti_514,16,1,ДПI У М. ПОЛТАВI ГУ ДФС У ПОЛТАВСЬКIЙ ОБЛАСТI,М.ПОЛТАВА,1601
data_ti_sprsti_515,16,2,КРЕМЕНЧУЦЬКА ОДПI ГУ ДФС (ГОРIШНЬОПЛАВНIВСЬКЕ ВIД-НЯ),М.ГОРIШНI ПЛАВНI,1602
data_ti_sprsti_516,16,3,КРЕМЕНЧУЦЬКА ОДПI ГУ ДФС У ПОЛТАВСЬКIЙ ОБЛАСТI,М.КРЕМЕНЧУК,1603
data_ti_sprsti_517,16,4,ЛУБЕНСЬКА ОБ'ЄДНАНА ДПI,М.ЛУБНИ,1618
data_ti_sprsti_518,16,5,МИРГОРОДСЬКА ОБ'ЄДНАНА ДПI,М.МИРГОРОД,1620
data_ti_sprsti_519,16,6,МИРГОРОДСЬКА ОДПI ГУ ДФС (ВЕЛИКОБАГАЧАНСЬКЕ ВIД-НЯ),ВЕЛИКОБАГАЧАНСЬКИЙ Р-Н,1606
data_ti_sprsti_520,16,7,ГАДЯЦЬКА ОДПI ГУ ДФС У ПОЛТАВСЬКIЙ ОБЛАСТI,ГАДЯЦЬКИЙ Р-Н,1607
data_ti_sprsti_521,16,8,КРЕМЕНЧУЦЬКА ОДПI ГУ ДФС (ГЛОБИНСЬКЕ ВIДДIЛЕННЯ),ГЛОБИНСЬКИЙ Р-Н,1608
data_ti_sprsti_522,16,9,ЛУБЕНСЬКА ОДПI ГУ ДФС (ГРЕБIНКIВСЬКЕ ВIДДIЛЕННЯ),ГРЕБIНКIВСЬКИЙ Р-Н,1609
data_ti_sprsti_523,16,10,ПОЛТАВСЬКА ОДПI ГУ ДФС (ДИКАНСЬКЕ ВIДДIЛЕННЯ),ДИКАНСЬКИЙ Р-Н,1610
data_ti_sprsti_524,16,11,ГАДЯЦЬКА ОДПI ГУ ДФС (ЗIНЬКIВСЬКЕ ВIДДIЛЕННЯ),ЗIНЬКIВСЬКИЙ Р-Н,1611
data_ti_sprsti_525,16,12,КАРЛIВСЬКА ОДПI ГУ ДФС У ПОЛТАВСЬКIЙ ОБЛАСТI,КАРЛIВСЬКИЙ Р-Н,1612
data_ti_sprsti_526,16,13,КРЕМЕНЧУЦЬКА ОДПI ГУ ДФС (КОБЕЛЯЦЬКЕ ВIДДIЛЕННЯ),КОБЕЛЯЦЬКИЙ Р-Н,1613
data_ti_sprsti_527,16,14,КРЕМЕНЧУЦЬКА ОДПI ГУ ДФС (КОЗЕЛЬЩИНСЬКЕ ВIД-НЯ),КОЗЕЛЬЩИНСЬКИЙ Р-Н,1614
data_ti_sprsti_528,16,15,ГАДЯЦЬКА ОДПI ГУ ДФС (КОТЕЛЕВСЬКЕ ВIДДIЛЕННЯ),КОТЕЛЕВСЬКИЙ Р-Н,1615
data_ti_sprsti_529,16,16,КРЕМЕНЧУЦЬКА ОДПI ГУ ДФС У ПОЛТАВСЬКIЙ ОБЛАСТI,КРЕМЕНЧУЦЬКИЙ Р-Н,1616
data_ti_sprsti_530,16,17,ГАДЯЦЬКА ОДПI ГУ ДФС (ЛОХВИЦЬКЕ ВIДДIЛЕННЯ),ЛОХВИЦЬКИЙ Р-Н,1617
data_ti_sprsti_531,16,18,ЛУБЕНСЬКА ОДПI ГУ ДФС У ПОЛТАВСЬКIЙ ОБЛАСТI,ЛУБЕНСЬКИЙ Р-Н,1618
data_ti_sprsti_532,16,19,КАРЛIВСЬКА ОДПI ГУ ДФС (МАШIВСЬКЕ ВIДДIЛЕННЯ),МАШIВСЬКИЙ Р-Н,1619
data_ti_sprsti_533,16,20,МИРГОРОДСЬКА ОДПI ГУ ДФС У ПОЛТАВСЬКIЙ ОБЛАСТI,МИРГОРОДСЬКИЙ Р-Н,1620
data_ti_sprsti_534,16,21,ПОЛТАВСЬКА ОДПI ГУ ДФС (НОВОСАНЖАРСЬКЕ ВIДДIЛЕННЯ),НОВОСАНЖАРСЬКИЙ Р-Н,1621
data_ti_sprsti_535,16,22,ЛУБЕНСЬКА ОДПI ГУ ДФС (ОРЖИЦЬКЕ ВIДДIЛЕННЯ),ОРЖИЦЬКИЙ Р-Н,1622
data_ti_sprsti_536,16,23,ЛУБЕНСЬКА ОДПI ГУ ДФС (ПИРЯТИНСЬКЕ ВIДДIЛЕННЯ),ПИРЯТИНСЬКИЙ Р-Н,1623
data_ti_sprsti_537,16,24,ПОЛТАВСЬКА ОДПI ГУ ДФС У ПОЛТАВСЬКIЙ ОБЛАСТI,ПОЛТАВСЬКИЙ Р-Н,1624
data_ti_sprsti_538,16,25,ПОЛТАВСЬКА ОДПI ГУ ДФС (РЕШЕТИЛIВСЬКЕ ВIДДIЛЕННЯ),РЕШЕТИЛIВСЬКИЙ Р-Н,1625
data_ti_sprsti_539,16,26,ЛУБЕНСЬКА ОДПI ГУ ДФС (СЕМЕНIВСЬКЕ ВIДДIЛЕННЯ),СЕМЕНIВСЬКИЙ Р-Н,1626
data_ti_sprsti_540,16,27,ЛУБЕНСЬКА ОДПI ГУ ДФС (ХОРОЛЬСЬКЕ ВIДДIЛЕННЯ),ХОРОЛЬСЬКИЙ Р-Н,1627
data_ti_sprsti_541,16,28,ЛУБЕНСЬКА ОДПI ГУ ДФС (ЧОРНУХИНСЬКЕ ВIДДIЛЕННЯ),ЧОРНУХИНСЬКИЙ Р-Н,1628
data_ti_sprsti_542,16,29,КАРЛIВСЬКА ОДПI ГУ ДФС (ЧУТIВСЬКЕ ВIДДIЛЕННЯ),ЧУТIВСЬКИЙ Р-Н,1629
data_ti_sprsti_543,16,30,МИРГОРОДСЬКА ОДПI ГУ ДФС (ШИШАЦЬКЕ ВIДДIЛЕННЯ),ШИШАЦЬКИЙ Р-Н,1630
data_ti_sprsti_544,16,32,ДПI У М.ПОЛТАВI,КИЇВСЬКИЙ Р-Н М.ПОЛТАВА,1601
data_ti_sprsti_545,16,33,ДПI У М.ПОЛТАВI,ПОДIЛЬСЬКИЙ Р-Н М.ПОЛТАВА,1601
data_ti_sprsti_546,16,34,ДПI У М.ПОЛТАВI,ШЕВЧЕНКIВСЬКИЙ Р-Н М.ПОЛТАВА,1601
data_ti_sprsti_547,16,35,КРЕМЕНЧУЦЬКА ОБ'ЄДНАНА ДПI,АВТОЗАВОДСЬКИЙ Р-Н М.КРЕМЕНЧУК,1603
data_ti_sprsti_548,16,36,КРЕМЕНЧУЦЬКА ОБ'ЄДНАНА ДПI,КРЮКIВСЬКИЙ Р-Н М.КРЕМЕНЧУК,1603
data_ti_sprsti_549,17,1,РIВНЕНСЬКА   ОДПI  ГУ ДФС (БЕРЕЗНIВСЬКЕ ВIДДIЛЕННЯ),БЕРЕЗНIВСЬКИЙ РАЙОН/М.БЕРЕЗНЕ,1701
data_ti_sprsti_550,17,2,САРНЕНСЬКА ОДПI ГУ ДФС  (ВОЛОДИМИРЕЦЬКЕ ВIДДIЛЕННЯ),ВОЛОДИМИРЕЦЬКИЙ РАЙОН/СМТ ВОЛОДИМИРЕЦЬ,1702
data_ti_sprsti_551,17,3,РIВНЕНСЬКА   ОДПI  ГУ ДФС  (ГОЩАНСЬКЕ ВIДДIЛЕННЯ),ГОЩАНСЬКИЙ РАЙОН/СМТ.ГОЩА,1703
data_ti_sprsti_552,17,4,ДУБЕНСЬКА ОДПI ГУ ДФС У РIВНЕНСЬКIЙ ОБЛАСТI,ДУБЕНСЬКИЙ РАЙОН/М. ДУБНО,1704
data_ti_sprsti_553,17,5,САРНЕНСЬКА ОДПI ГУ ДФС  (ДУБРОВИЦЬКЕ ВIДДIЛЕННЯ),ДУБРОВИЦЬКИЙ РАЙОН/М.ДУБРОВИЦЯ,1705
data_ti_sprsti_554,17,6,САРНЕНСЬКА ОДПI ГУ ДФС  (ЗАРIЧНЕНСЬКЕ ВIДДIЛЕННЯ),ЗАРIЧНЕНСЬКИЙ РАЙОН/СМТ ЗАРIЧНЕ,1706
data_ti_sprsti_555,17,7,РIВНЕНСЬКА   ОДПI  ГУ ДФС  (ЗДОЛБУНIВСЬКЕ ВIДДIЛЕННЯ),ЗДОЛБУНIВСЬКИЙ РАЙОН/М.ЗДОЛБУНIВ,1707
data_ti_sprsti_556,17,8,РIВНЕНСЬКА   ОДПI  ГУ ДФС  (КОРЕЦЬКЕ  ВIДДIЛЕННЯ),КОРЕЦЬКИЙ РАЙОН/М.КОРЕЦЬ,1708
data_ti_sprsti_557,17,9,РIВНЕНСЬКА   ОДПI  ГУ ДФС  (КОСТОПIЛЬСЬКЕ ВIДДIЛЕННЯ),КОСТОПIЛЬСЬКИЙ РАЙОН/М.КОСТОПIЛЬ,1709
data_ti_sprsti_558,17,10,ДУБЕНСЬКА ОДПI ГУ ДФС  (МЛИНIВСЬКЕ ВIДДIЛЕННЯ),МЛИНIВСЬКИЙ РАЙОН/СМТ МЛИНIВ,1710
data_ti_sprsti_559,17,11,РIВНЕНСЬКА   ОДПI  ГУ ДФС  (ОСТРОЗЬКЕ ВIДДIЛЕННЯ),ОСТРОЗЬКИЙ РАЙОН/М.ОСТРОГ,1711
data_ti_sprsti_560,17,12,РIВНЕНСЬКА   ОДПI  ГУ ДФС У РIВНЕНСЬКIЙ ОБЛАСТI,РIВНЕНСЬКИЙ РАЙОН/М.РIВНЕ,1712
data_ti_sprsti_561,17,13,САРНЕНСЬКА ОДПI ГУ ДФС  (РОКИТНIВСЬКЕ ВIДДIЛЕННЯ),РОКИТНIВСЬКИЙ РАЙОН/СМТ РОКИТНЕ,1713
data_ti_sprsti_562,17,14,САРНЕНСЬКА ОДПI ГУ ДФС У РIВНЕНСЬКIЙ ОБЛАСТI,САРНЕНСЬКИЙ РАЙОН/М.САРНИ,1714
data_ti_sprsti_563,17,15,ДУБЕНСЬКА ОДПI ГУ ДФС  (РАДИВИЛIВСЬКЕ ВIДДIЛЕННЯ),РАДИВИЛIВСЬКИЙ РАЙОН/М.РАДИВИЛIВ,1715
data_ti_sprsti_564,17,16,ДПI У М.РIВНОМУ ГУ ДФС У РIВНЕНСЬКIЙ ОБЛАСТI,М.РIВНЕ,1716
data_ti_sprsti_565,17,17,ДУБЕНСЬКА ОДПI ГУ ДФС У РIВНЕНСЬКIЙ ОБЛАСТI,М. ДУБНО,1717
data_ti_sprsti_566,17,18,САРНЕНСЬКА ОДПI ГУ ДФС (ВАРАШСЬКЕ ВIДДIЛЕННЯ),М.ВАРАШ,1718
data_ti_sprsti_567,17,19,РIВНЕНСЬКА   ОДПI  ГУ ДФС У РIВНЕНСЬКIЙ ОБЛ,М.ОСТРОГ,1719
data_ti_sprsti_568,17,20,ДУБЕНСЬКА ОДПI ГУ ДФС  (ДЕМИДIВСЬКЕ ВIДДIЛЕННЯ),ДЕМИДIВСЬКИЙ РАЙОН/СМТ ДЕМИДIВКА,1720
data_ti_sprsti_569,18,1,ДПI У М.СУМАХ ГУ ДФС (БIЛОПIЛЬСЬКЕ ВIД-НЯ),БIЛОПIЛЬСЬКИЙ Р-Н,1801
data_ti_sprsti_570,18,2,КОНОТОПСЬКА ОДПI ГУ ДФС (БУРИНСЬКЕ ВIД-НЯ),БУРИНСЬКИЙ Р-Н,1802
data_ti_sprsti_571,18,3,ОХТИРСЬКА ОДПI ГУ ДФС (ВЕЛИКОПИСАРIВСЬКЕ ВIД-НЯ),ВЕЛИКОПИСАРIВСЬКИЙ Р-Н,1803
data_ti_sprsti_572,18,4,ШОСТКИНСЬКА ОДПI ГУ ДФС (ГЛУХIВСЬКИЙ Р-Н),ГЛУХIВСЬКИЙ Р-Н,1804
data_ti_sprsti_573,18,5,КОНОТОПСЬКА ОДПI ГУ ДФС У СУМСЬКIЙ ОБЛАСТI,КОНОТОПСЬКИЙ Р-Н,1805
data_ti_sprsti_574,18,6,ДПI У М.СУМАХ ГУ ДФС (КРАСНОПIЛЬСЬКЕ ВIД-НЯ),КРАСНОПIЛЬСЬКИЙ Р-Н,1806
data_ti_sprsti_575,18,7,КОНОТОПСЬКА ОДПI ГУ ДФС (КРОЛЕВЕЦЬКЕ ВIД-НЯ),КРОЛЕВЕЦЬКИЙ Р-Н,1807
data_ti_sprsti_576,18,8,ОХТИРСЬКА ОДПI ГУ ДФС (ЛЕБЕДИНСЬКЕ ВIД-НЯ),ЛЕБЕДИНСЬКИЙ Р-Н,1808
data_ti_sprsti_577,18,9,РОМЕНСЬКА ОДПI ГУ ДФС (ЛИПОВОДОЛИНСЬКЕ ВIД-НЯ),ЛИПОВОДОЛИНСЬКИЙ Р-Н,1809
data_ti_sprsti_578,18,10,РОМЕНСЬКА ОДПI ГУ ДФС (НЕДРИГАЙЛIВСЬКЕ ВIД-НЯ),НЕДРИГАЙЛIВСЬКИЙ Р-Н,1810
data_ti_sprsti_579,18,11,ОХТИРСЬКА ОДПI ГУ ДФС У СУМСЬКIЙ ОБЛАСТI,ОХТИРСЬКИЙ Р-Н,1811
data_ti_sprsti_580,18,12,КОНОТОПСЬКА ОДПI ГУ ДФС (ПУТИВЛЬСЬКЕ ВIД-НЯ),ПУТИВЛЬСЬКИЙ Р-Н,1812
data_ti_sprsti_581,18,13,РОМЕНСЬКА ОДПI ГУ ДФС У СУМСЬКIЙ ОБЛАСТI,РОМЕНСЬКИЙ Р-Н,1813
data_ti_sprsti_582,18,14,ШОСТКИНСЬКА ОДПI ГУ ДФС (СЕРЕДИНО-БУДСЬКЕ ВIД-НЯ),СЕРЕДИНО-БУДСЬКИЙ Р-Н,1814
data_ti_sprsti_583,18,15,ДПI У М.СУМАХ ГУ ДФС (СУМСЬКИЙ Р-Н),СУМСЬКИЙ Р-Н,1815
data_ti_sprsti_584,18,16,ОХТИРСЬКА ОДПI ГУ ДФС (ТРОСТЯНЕЦЬКЕ ВIД-НЯ),ТРОСТЯНЕЦЬКИЙ Р-Н,1816
data_ti_sprsti_585,18,17,ШОСТКИНСЬКА ОДПI ГУ ДФС У СУМСЬКIЙ ОБЛАСТI,ШОСТКИНСЬКИЙ Р-Н,1817
data_ti_sprsti_586,18,18,ШОСТКИНСЬКА ОДПI ГУ ДФС (ЯМПIЛЬСЬКЕ ВIД-НЯ),ЯМПIЛЬСЬКИЙ Р-Н,1818
data_ti_sprsti_587,18,19,ДПI У М.СУМАХ ГУ ДФС У СУМСЬКIЙ ОБЛАСТI,М.СУМИ,1819
data_ti_sprsti_588,18,20,КОНОТОПСЬКА ОДПI ГУ ДФС У СУМСЬКIЙ ОБЛАСТI (М.КОНОТОП),М.КОНОТОП,1820
data_ti_sprsti_589,18,21,РОМЕНСЬКА ОДПI ГУ ДФС У СУМСЬКIЙ ОБЛАСТI (М. РОМНИ),М.РОМНИ,1821
data_ti_sprsti_590,18,22,ШОСТКИНСЬКА ОДПI ГУ ДФС У СУМСЬКIЙ ОБЛАСТI (М. ШОСТКА),М.ШОСТКА,1822
data_ti_sprsti_591,18,23,ОХТИРСЬКА ОДПI ГУ ДФС У СУМСЬКIЙ ОБЛАСТI (М. ОХТИРКА),М.ОХТИРКА,1823
data_ti_sprsti_592,18,24,ШОСТКИНСЬКА ОДПI ГУ ДФС У СУМСЬКIЙ ОБЛАСТI (М. ГЛУХIВ),М.ГЛУХIВ,1824
data_ti_sprsti_593,18,25,ОХТИРСЬКА ОДПI ГУ ДФС (М. ЛЕБЕДИН),М.ЛЕБЕДИН,1825
data_ti_sprsti_594,18,26,ДПI У ЗАРIЧНОМУ Р-НI М.СУМИ,ЗАРIЧНИЙ Р-Н М.СУМИ,0
data_ti_sprsti_595,18,27,ДПI У КОВПАКIВСЬКОМУ Р-НI М.СУМИ,КОВПАКIВСЬКИЙ Р-Н М.СУМИ,0
data_ti_sprsti_596,19,1,БУЧАЦЬКА ОДПI ГУ ДФС (БЕРЕЖАНСЬКЕ ВIДДIЛЕННЯ),БЕРЕЖАНСЬКИЙ Р-Н,1901
data_ti_sprsti_597,19,2,ЧОРТКIВСЬКА ОДПI ГУ ДФС (БОРЩIВСЬКЕ ВIДДIЛЕННЯ),БОРЩIВСЬКИЙ Р-Н,1902
data_ti_sprsti_598,19,3,БУЧАЦЬКА ОДПI ГУ ДФС У ТЕРНОПIЛЬСЬКIЙ ОБЛАСТI,БУЧАЦЬКИЙ Р-Н,1903
data_ti_sprsti_599,19,4,ЧОРТКIВСЬКА ОДПI ГУ ДФС (ГУСЯТИНСЬКЕ ВIДДIЛЕННЯ),ГУСЯТИНСЬКИЙ Р-Н,1904
data_ti_sprsti_600,19,5,ЧОРТКIВСЬКА ОДПI ГУ ДФС (ЗАЛIЩИЦЬКЕ ВIДДIЛЕННЯ),ЗАЛIЩИЦЬКИЙ Р-Н,1905
data_ti_sprsti_601,19,6,КРЕМЕНЕЦЬКА ОДПI ГУ ДФС (ЗБАРАЗЬКЕ ВIДДIЛЕННЯ),ЗБАРАЗЬКИЙ Р-Н,1906
data_ti_sprsti_602,19,7,БУЧАЦЬКА ОДПI ГУ ДФС (ЗБОРIВСЬКЕ ВIДIЛЕННЯ),ЗБОРIВСЬКИЙ Р-Н,1907
data_ti_sprsti_603,19,8,БУЧАЦЬКА ОДПI ГУ ДФС  (КОЗIВСЬКЕ ВIДДIЛЕННЯ),КОЗIВСЬКИЙ Р-Н,1908
data_ti_sprsti_604,19,9,КРЕМЕНЕЦЬКА ОДПI ГУ ДФС У ТЕРНОПIЛЬСЬКIЙ ОБЛАСТI,КРЕМЕНЕЦЬКИЙ Р-Н,1909
data_ti_sprsti_605,19,10,КРЕМЕНЕЦЬКА ОДПI ГУ ДФС (ЛАНОВЕЦЬКЕ ВIДДIЛЕННЯ),ЛАНОВЕЦЬКИЙ Р-Н,1910
data_ti_sprsti_606,19,11,БУЧАЦЬКА ОДПI ГУ ДФС (МОНАСТИРИСЬКЕ ВIДДIЛЕННЯ),МОНАСТИРИСЬКИЙ Р-Н,1911
data_ti_sprsti_607,19,12,КРЕМЕНЕЦЬКА ОДПI ГУ ДФС (ПIДВОЛОЧИСЬКЕ ВIДДIЛЕННЯ),ПIДВОЛОЧИСЬКИЙ Р-Н,1912
data_ti_sprsti_608,19,13,БУЧАЦЬКА ОДПI ГУ ДФС (ПIДГАЄЦЬКЕ ВIДДIЛЕННЯ),ПIДГАЄЦЬКИЙ Р-Н,1913
data_ti_sprsti_609,19,14,БУЧАЦЬКА ОДПI ГУ ДФС (ТЕРЕБОВЛЯНСЬКЕ ВIДДIЛЕННЯ),ТЕРЕБОВЛЯНСЬКИЙ Р-Н,1914
data_ti_sprsti_610,19,15,ТЕРНОПIЛЬСЬКА ОДПI ГУ ДФС (ТЕРНОПIЛЬСЬКИЙ РАЙОН),ТЕРНОПIЛЬСЬКИЙ РАЙОН,1915
data_ti_sprsti_611,19,16,ЧОРТКIВСЬКА ОДПI ГУ ДФС У ТЕРНОПIЛЬСЬКIЙ ОБЛАСТI,ЧОРТКIВСЬКИЙ Р-Н,1916
data_ti_sprsti_612,19,17,КРЕМЕНЕЦЬКА ОДПI ГУ ДФС (ШУМСЬКЕ ВIДДIЛЕННЯ),ШУМСЬКИЙ Р-Н,1917
data_ti_sprsti_613,19,18,ТЕРНОПIЛЬСЬКА ОДПI ГУ ДФС У ТЕРНОПIЛЬСЬКIЙ ОБЛАСТI,М.ТЕРНОПIЛЬ,1918
data_ti_sprsti_614,19,19,ЧОРТКIВСЬКА ОДПI ГУ ДФС (М.ЧОРТКIВ),М.ЧОРТКIВ,1919
data_ti_sprsti_615,19,20,КРЕМЕНЕЦЬКА ОДПI ГУ ДФС (М.КРЕМЕНЕЦЬ),М.КРЕМЕНЕЦЬ,1920
data_ti_sprsti_616,19,21,БУЧАЦЬКА ОДПI ГУ ДФС (М.БЕРЕЖАНИ),М.БЕРЕЖАНИ,1921
data_ti_sprsti_617,20,1,IЗЮМСЬКА ОДПI ГУ ДФС (БАЛАКЛIЙСЬКЕ ВIДДIЛЕННЯ),БАЛАКЛIЙСЬКИЙ Р-Н,2001
data_ti_sprsti_618,20,2,IЗЮМСЬКА ОДПI ГУ ДФС (БАРВIНКIВСЬКЕ ВIДДIЛЕННЯ),БАРВIНКIВСЬКИЙ Р-Н,2002
data_ti_sprsti_619,20,3,ЛОЗIВСЬКА ОДПI ГУ ДФС (БЛИЗНЮКIВСЬКИЙ Р-Н),БЛИЗНЮКIВСЬКИЙ Р-Н,2003
data_ti_sprsti_620,20,4,СЛОБОЖАНСЬКА ОДПI ГУ ДФС (БОГОДУХIВСЬКЕ ВIД-НЯ),БОГОДУХIВСЬКИЙ Р-Н,2004
data_ti_sprsti_621,20,5,IЗЮМСЬКА ОДПI ГУ ДФС (БОРIВСЬКЕ ВIДIДДIЛЕННЯ),БОРIВСЬКИЙ Р-Н,2005
data_ti_sprsti_622,20,6,ПIВДЕННА ОДПI ГУ ДФС У ХАРКIВ.ОБЛ.(ВАЛКIВСЬКЕ ВIД-НЯ),ВАЛКIВСЬКИЙ Р-Н,2006
data_ti_sprsti_623,20,7,САЛТIВСЬКА ОДПI ГУ ДФС (ВЕЛИКОБУРЛУЦЬКИЙ Р-Н),ВЕЛИКОБУРЛУЦЬКИЙ Р-Н,2007
data_ti_sprsti_624,20,8,САЛТIВСЬКА ОДПI ГУ ДФС (ВОВЧАНСЬКЕ ВIД-НЯ),ВОВЧАНСЬКИЙ Р-Н,2008
data_ti_sprsti_625,20,9,ХАРКIВСЬКА ОДПI ГУ ДФС У Х/О (ЗМIЇВСЬКЕ ВIД-НЯ),ЗМIЇВСЬКИЙ Р-Н,2009
data_ti_sprsti_626,20,10,САЛТIВСЬКА ОДПI ГУ ДФС (ДВОРIЧАНСЬКИЙ Р-Н),ДВОРIЧАНСЬКИЙ Р-Н,2010
data_ti_sprsti_627,20,11,СЛОБОЖАНСЬКА ОДПI ГУ ДФС У ХАРКIВСЬКIЙ ОБЛАСТI,ДЕРГАЧIВСЬКИЙ Р-Н,2011
data_ti_sprsti_628,20,12,ПIВДЕННА ОДПI ГУ ДФС У ХАРКIВ.ОБЛ.(ЗАЧЕПИЛIВСЬКИЙ Р-Н),ЗАЧЕПИЛIВСЬКИЙ Р-Н,2012
data_ti_sprsti_629,20,13,СЛОБОЖАНСЬКА ОДПI ГУ ДФС (ЗОЛОЧIВСЬКИЙ Р-Н),ЗОЛОЧIВСЬКИЙ Р-Н,2013
data_ti_sprsti_630,20,14,IЗЮМСЬКА ОДПI ГУ ДФС У ХАРКIВСЬКIЙ ОБЛАСТI,IЗЮМСЬКИЙ Р-Н,2014
data_ti_sprsti_631,20,15,ПIВДЕННА ОДПI ГУ ДФС У ХАРКIВ.ОБЛ.(КЕГИЧIВСЬКИЙ Р-Н),КЕГИЧIВСЬКИЙ Р-Н,2015
data_ti_sprsti_632,20,16,ПIВДЕННА ОДПI ГУ ДФС У ХАРКIВСЬКIЙ ОБЛАСТI,КРАСНОГРАДСЬКИЙ Р-Н,2016
data_ti_sprsti_633,20,17,СЛОБОЖАНСЬКА ОДПI ГУ ДФС (КРАСНОКУТСЬКЕ ВIД-НЯ),КРАСНОКУТСЬКИЙ Р-Н,2017
data_ti_sprsti_634,20,18,САЛТIВСЬКА ОДПI ГУ ДФС (КУП'ЯНСЬКИЙ Р-Н),КУП'ЯНСЬКИЙ Р-Н,2018
data_ti_sprsti_635,20,19,ЛОЗIВСЬКА ОДПI ГУ ДФС (ЛОЗIВСЬКИЙ Р-Н),ЛОЗIВСЬКИЙ Р-Н,2019
data_ti_sprsti_636,20,20,ПIВДЕННА ОДПI ГУ ДФС У ХАРКIВ.ОБЛ.(НОВОВОДОЛАЗЬКЕ ВIД),НОВОВОДОЛАЗЬКИЙ Р-Н,2020
data_ti_sprsti_637,20,21,ЛОЗIВСЬКА ОДПI ГУ ДФС (ПЕРВОМАЙСЬКИЙ Р-Н),ПЕРВОМАЙСЬКИЙ Р-Н,2021
data_ti_sprsti_638,20,22,ПIВДЕННА ОДПI ГУ ДФС У ХАРКIВ.ОБЛ.(САХНОВЩИНСЬКИЙ Р-Н),САХНОВЩИНСЬКИЙ Р-Н,2022
data_ti_sprsti_639,20,23,ХАРКIВСЬКА ОДПI ГУ ДФС У ХАРКIВСЬКIЙ ОБЛАСТI,ХАРКIВСЬКИЙ Р-Н,2023
data_ti_sprsti_640,20,24,САЛТIВСЬКА ОДПI ГУ ДФС (ШЕВЧЕНКIВСЬКИЙ Р-Н),ШЕВЧЕНКIВСЬКИЙ Р-Н,2024
data_ti_sprsti_641,20,25,IЗЮМСЬКА ОДПI ГУ ДФС (М.IЗЮМ),М.IЗЮМ,2025
data_ti_sprsti_642,20,26,САЛТIВСЬКА ОДПI ГУ ДФС У ХАРКIВСЬКIЙ ОБЛАСТI,М.КУП'ЯНСЬК,2026
data_ti_sprsti_643,20,27,ЛОЗIВСЬКА ОДПI ГУ ДФС У ХАРКIВСЬКIЙ ОБЛАСТI,М.ЛОЗОВА,2027
data_ti_sprsti_644,20,28,ЛОЗIВСЬКА ОДПI ГУ ДФС (ПЕРВОМАЙСЬКЕ ВIД-НЯ),М.ПЕРВОМАЙСЬКИЙ,2028
data_ti_sprsti_645,20,29,ХАРКIВСЬКА ОДПI ГУ ДФС У Х/О (ЧУГУЇВСЬКЕ ВIД-НЯ),М.ЧУГУЇВ,2029
data_ti_sprsti_646,20,30,ЦЕНТРАЛЬНА ОДПI М. ХАРКОВА ГУ ДФС У ХАРКIВСЬКIЙ ОБЛ.,ДЗЕРЖИНСЬКИЙ Р-Н М.ХАРКIВ,2030
data_ti_sprsti_647,20,31,КИЇВСЬКА ОДПI М.ХАРКОВА  ГУ ДФС  У ХАРКIВСЬКIЙ ОБЛАСТI,КИЇВСЬКИЙ Р-Н М.ХАРКОВА,2031
data_ti_sprsti_648,20,32,СХIДНА ОДПI М.ХАРКОВА ГУ ДФС У Х/О (КОМIНТЕРН.),КОМIНТЕРНIВСЬКИЙ Р-Н М.ХАРКIВ,2032
data_ti_sprsti_649,20,33,ЦЕНТРАЛЬНА ОДПI М. ХАРКОВА ГУ ДФС У Х/О (ЛЕНIНСЬКИЙ),ЛЕНIНСЬКИЙ Р-Н М.ХАРКIВ,2033
data_ti_sprsti_650,20,34,КИЇВСЬКА ОДПI М.ХАРКОВА  ГУ ДФС  У Х/О(МОСКОВСЬКИЙ),МОСКОВСЬКИЙ Р-Н М.ХАРКIВ,2034
data_ti_sprsti_651,20,35,ЦЕНТРАЛЬНА ОДПI М. ХАРКОВА ГУ ДФС У Х/О (ЖОВТНЕВИЙ),ЖОВТНЕВИЙ Р-Н М.ХАРКIВ,2035
data_ti_sprsti_652,20,36,СХIДНА ОДПI М.ХАРКОВА ГУ ДФС У Х/О  (ОРДЖОНIК. ),ОРДЖОНIКIДЗЕВСЬКИЙ Р-Н М.ХАРКIВ,2036
data_ti_sprsti_653,20,37,СХIДНА ОДПI М.ХАРКОВА ГУ ДФС У Х/О  (ФРУНЗЕНСЬКИЙ Р-Н),ФРУНЗЕНСЬКИЙ Р-Н М.ХАРКIВ,2037
data_ti_sprsti_654,20,38,СХIДНА ОДПI М.ХАРКОВА ГУ ДФС У Х/О,ЧЕРВОНОЗАВОДСЬКИЙ Р-Н М.ХАРКIВ,2038
data_ti_sprsti_655,20,39,СДПI ПО РОБОТI З ВПП У М.ХАРКОВI  ДПС,М.ХАРКIВ,2039
data_ti_sprsti_656,20,41,ХАРКIВСЬКА ОДПI ГУ ДФС У Х/О (ЧУГУЇВСЬКЕ ВIД-НЯ),ПЕЧЕНIЗЬКИЙ Р-Н,2041
data_ti_sprsti_657,20,42,ХАРКIВСЬКА ОДПI ГУ ДФС У Х/О (ЛЮБОТИНСЬКЕ ВIД-НЯ),М. ЛЮБОТИН,2042
data_ti_sprsti_658,20,43,ХАРКIВСЬКА ОДПI ГУ ДФС У Х/О (ЧУГУЇВСЬКЕ ВIД-НЯ),ЧУГУЇВСЬКИЙ Р-Н,2043
data_ti_sprsti_659,20,44,ПIВДЕННА ОДПI ГУ ДФС У ХАРКIВ.ОБЛ.(КОЛОМАЦЬКИЙ Р-Н),КОЛОМАЦЬКИЙ Р-Н,2044
data_ti_sprsti_660,21,1,НОВОКАХОВСЬКА ОДПI (КАХОВСЬКЕ ВIД-НЯ (М.КАХОВКА),М.КАХОВКА,2101
data_ti_sprsti_661,21,2,НОВОКАХОВСЬКА ОДПI ГУ ДФС У ХЕРСОНСЬКIЙ ОБЛАСТI,М.НОВА КАХОВКА,2102
data_ti_sprsti_662,21,3,ХЕРСОНСЬКА ОДПI ГУ ДФС У ХЕРСОНСЬКIЙ ОБЛАСТI,М. ХЕРСОН,2103
data_ti_sprsti_663,21,4,ХЕРСОНСЬКА ОДПI ГУ ДФС (БIЛОЗЕРСЬКЕ ВIДДIЛЕННЯ),БIЛОЗЕРСЬКИЙ Р-Н,2104
data_ti_sprsti_664,21,5,НОВОКАХОВСЬКА ОДПI (БЕРИСЛАВСЬКЕ ВIД-НЯ),БЕРИСЛАВСЬКИЙ Р-Н,2105
data_ti_sprsti_665,21,6,НОВОКАХОВСЬКА ОДПI (ВЕЛИКООЛЕКСАНДРIВСЬКЕ ВIД-НЯ),ВЕЛИКООЛЕКСАНДРIВСЬКИЙ Р-Н,2106
data_ti_sprsti_666,21,7,НОВОКАХОВСЬКА ОДПI (ВЕЛИКОЛЕПЕТИСЬКЕ ВIД-НЯ),ВЕЛИКОЛЕПЕТИСЬКИЙ Р-Н,2107
data_ti_sprsti_667,21,8,НОВОКАХОВСЬКА ОДПI (ВЕРХНЬОРОГАЧИЦЬКЕ ВIД-НЯ),ВЕРХНЬОРОГАЧИЦЬКИЙ Р-Н,2108
data_ti_sprsti_668,21,9,НОВОКАХОВСЬКА ОДПI (ВИСОКОПIЛЬСЬКЕ ВIД-НЯ),ВИСОКОПIЛЬСЬКИЙ Р-Н,2109
data_ti_sprsti_669,21,10,ГЕНIЧЕСЬКА ОДПI ГУ ДФС У ХЕРСОНСЬКIЙ ОБЛАСТI,ГЕНIЧЕСЬКИЙ Р-Н,2110
data_ti_sprsti_670,21,11,ХЕРСОНСЬКА ОДПI ГУ ДФС (ГОЛОПРИСТАНСЬКЕ ВIДДIЛЕННЯ),ГОЛОПРИСТАНСЬКИЙ Р-Н,2111
data_ti_sprsti_671,21,12,НОВОКАХОВСЬКА ОДПI (ГОРНОСТАЇВСЬКЕ ВIД-НЯ),ГОРНОСТАЇВСЬКИЙ Р-Н,2112
data_ti_sprsti_672,21,13,ГЕНIЧЕСЬКА ОДПI ГУ ДФС (IВАНIВСЬКЕ ВIД-НЯ),IВАНIВСЬКИЙ Р-Н,2113
data_ti_sprsti_673,21,14,ХЕРСОНСЬКА ОДПI ГУ ДФС (КАЛАНЧАЦЬКЕ ВIДIЛЕННЯ),КАЛАНЧАЦЬКИЙ Р-Н,2114
data_ti_sprsti_674,21,15,НОВОКАХОВСЬКА ОДПI (КАХОВСЬКЕ ВIД-НЯ),КАХОВСЬКИЙ Р-Н,2115
data_ti_sprsti_675,21,16,ГЕНIЧЕСЬКА ОДПI (НИЖНЬОСIРОГОЗЬКЕ ВIД-НЯ),НИЖНЬОСIРОГОЗЬКИЙ Р-Н,2116
data_ti_sprsti_676,21,17,НОВОКАХОВСЬКА ОДПI (НОВОВОРОНЦОВСЬКЕ ВIД-НЯ),НОВОВОРОНЦОВСЬКИЙ Р-Н,2117
data_ti_sprsti_677,21,18,ГЕНIЧЕСЬКА ОДПI ГУ ДФС (НОВОТРОЇЦЬКЕ ВIД-НЯ),НОВОТРОЇЦЬКИЙ Р-Н,2118
data_ti_sprsti_678,21,19,ХЕРСОНСЬКА ОДПI ГУ ДФС (СКАДОВСЬКЕ ВIДДIЛЕННЯ),СКАДОВСЬКИЙ Р-Н,2119
data_ti_sprsti_679,21,20,ХЕРСОНСЬКА ОДПI ГУ ДФС (ОЛЕШКIВСЬКЕ ВIДДIЛЕННЯ),ОЛЕШКIВСЬКИЙ  Р-Н,2120
data_ti_sprsti_680,21,21,ХЕРСОНСЬКА ОДПI ГУ ДФС (ЧАПЛИНСЬКЕ ВIДДIЛЕННЯ),ЧАПЛИНСЬКИЙ Р-Н,2121
data_ti_sprsti_681,21,23,ХЕРСОНСЬКА ОДПI ГУ ДФС (М.ГОЛА ПРИСТАНЬ),М.ГОЛА ПРИСТАНЬ,2123
data_ti_sprsti_682,21,31,ДПI У М.ХЕРСОНI ГУ МIНДОХОДIВ У ХЕРСОНСЬКIЙ ОБЛАСТI,ДНIПРОВСЬКИЙ Р-Н М.ХЕРСОН,2131
data_ti_sprsti_683,21,32,ДПI У М.ХЕРСОНI ГУ МIНДОХОДIВ У ХЕРСОНСЬКIЙ ОБЛАСТI,СУВОРОВСЬКИЙ Р-Н М.ХЕРСОН,2132
data_ti_sprsti_684,21,33,ДПI У М.ХЕРСОНI ГУ МIНДОХОДIВ У ХЕРСОНСЬКIЙ ОБЛАСТI,КОМСОМОЛЬСЬКИЙ Р-Н М.ХЕРСОН,2133
data_ti_sprsti_685,22,2,СЛАВУТСЬКА ОДПI ГУ ДФС У ХМЕЛЬН.ОБЛ (БIЛОГIРСЬКЕ В-НЯ),БIЛОГIРСЬКИЙ Р-Н,2202
data_ti_sprsti_686,22,3,КАМ'ЯНЕЦЬ-ПОДIЛЬСЬКА ОДПI (ВIНЬКОВЕЦЬКЕ ВIДДIЛЕННЯ),ВIНЬКОВЕЦЬКИЙ РАЙОН,2203
data_ti_sprsti_687,22,4,КРАСИЛIВСЬКА ОДПI ГУ ДФС (ВОЛОЧИСЬКЕ ВIДДIЛЕННЯ),ВОЛОЧИСЬКИЙ Р-Н,2204
data_ti_sprsti_688,22,5,КАМ'ЯНЕЦЬ-ПОДIЛЬСЬКА ОДПI (ГОРОДОЦЬКЕ ВIДДIЛЕННЯ),ГОРОДОЦЬКИЙ Р-Н,2205
data_ti_sprsti_689,22,6,КРАСИЛIВСЬКА ОДПI ГУ ДФС (ДЕРАЖНЯНСЬКЕ ВIДДIЛЕННЯ),ДЕРАЖНЯНСЬКИЙ Р-Н,2206
data_ti_sprsti_690,22,7,КАМ'ЯНЕЦЬ-ПОДIЛЬСЬКА ОДПI (ДУНАЄВЕЦЬКЕ ВIДДIЛЕННЯ),ДУНАЄВЕЦЬКИЙ РАЙОН,2207
data_ti_sprsti_691,22,8,СЛАВУТСЬКА ОДПI ГУ ДФС У ХМЕЛЬН.ОБЛ (IЗЯСЛАВСЬКЕ В-НЯ),IЗЯСЛАВСЬКИЙ Р-Н,2208
data_ti_sprsti_692,22,9,КАМ'ЯНЕЦЬ-ПОДIЛЬСЬКА ОДПI ГУ ДФС У ХМЕЛЬНИЦЬКIЙ ОБЛ.,КАМ'ЯНЕЦЬ-ПОДIЛЬСЬКИЙ Р-Н,2209
data_ti_sprsti_693,22,10,КРАСИЛIВСЬКА ОДПI ГУ ДФС У ХМЕЛЬНИЦЬКIЙ ОБЛАСТI,КРАСИЛIВСЬКИЙ Р-Н,2210
data_ti_sprsti_694,22,11,КРАСИЛIВСЬКА ОДПI ГУ ДФС (ЛЕТИЧIВСЬКЕ ВIДДIЛЕННЯ),ЛЕТИЧIВСЬКИЙ Р-Н,2211
data_ti_sprsti_695,22,12,КАМ'ЯНЕЦЬ-ПОДIЛЬСЬКА ОДПI (НОВОУШИЦЬКЕ ВIДДIЛЕННЯ),НОВОУШИЦЬКИЙ РАЙОН,2212
data_ti_sprsti_696,22,13,СЛАВУТСЬКА ОДПI ГУ ДФС У ХМЕЛЬН.ОБЛ (ПОЛОНСЬКЕ В-НЯ),ПОЛОНСЬКИЙ Р-Н,2213
data_ti_sprsti_697,22,14,СЛАВУТСЬКА ОБ'ЄДНАНА ДПI ГУ ДФС У ХМЕЛЬНИЦЬКIЙ ОБЛАСТI,СЛАВУТСЬКИЙ Р-Н,2214
data_ti_sprsti_698,22,15,КРАСИЛIВСЬКА ОДПI ГУ ДФС (СТАРОКОСТЯНТИНIВСЬКЕ В-НЯ),СТАРОКОСТЯНТИНIВСЬКИЙ Р-Н,2215
data_ti_sprsti_699,22,16,КРАСИЛIВСЬКА ОДПI ГУ ДФС (СТАРОСИНЯВСЬКЕ ВIД-НЯ),СТАРОСИНЯВСЬКИЙ Р-Н,2216
data_ti_sprsti_700,22,17,КРАСИЛIВСЬКА ОДПI ГУ ДФС (ТЕОФIПОЛЬСЬКЕ ВIД-НЯ),ТЕОФIПОЛЬСЬКИЙ Р-Н,2217
data_ti_sprsti_701,22,18,ДПI У М. ХМЕЛЬНИЦЬКОМУ (ХМЕЛЬНИЦЬКИЙ РАЙОН),ХМЕЛЬНИЦЬКИЙ Р-Н,2218
data_ti_sprsti_702,22,19,КАМ'ЯНЕЦЬ-ПОДIЛЬСЬКА ОДПI (ЧЕМЕРОВЕЦЬКЕ ВIДДIЛЕННЯ),ЧЕМЕРОВЕЦЬКИЙ Р-Н,2219
data_ti_sprsti_703,22,20,СЛАВУТСЬКА ОДПI ГУ ДФС У ХМЕЛЬН.ОБЛ (ШЕПЕТIВСЬКЕ ВIД.),ШЕПЕТIВСЬКИЙ Р-Н,2220
data_ti_sprsti_704,22,21,КАМ'ЯНЕЦЬ-ПОДIЛЬСЬКА ОДПI (ЯРМОЛИНЕЦЬКЕ ВIДДIЛЕННЯ),ЯРМОЛИНЕЦЬКИЙ Р-Н,2221
data_ti_sprsti_705,22,22,КАМ'ЯНЕЦЬ-ПОДIЛЬСЬКА ОДПI (М.КАМ'ЯНЕЦЬ-ПОДIЛЬСЬКИЙ),М.КАМ'ЯНЕЦЬ-ПОДIЛЬСЬКИЙ,2222
data_ti_sprsti_706,22,23,СЛАВУТСЬКА ОДПI ГУ ДФС У ХМЕЛЬН.ОБЛ (НЕТIШИНСЬКЕ В-НЯ),М.НЕТIШИН,2223
data_ti_sprsti_707,22,24,СЛАВУТСЬКА ОДПI ГУ ДФС У ХМЕЛЬН.ОБЛ (М.СЛАВУТА),М.СЛАВУТА,2224
data_ti_sprsti_708,22,25,ДПI У М. ХМЕЛЬНИЦЬКОМУ ГУ ДФС У ХМЕЛЬНИЦЬКIЙ ОБЛАСТI,М.ХМЕЛЬНИЦЬКИЙ,2225
data_ti_sprsti_709,22,26,СЛАВУТСЬКА ОДПI ГУ ДФС У ХМЕЛЬН.ОБЛ (М.ШЕПЕТIВКА),М.ШЕПЕТIВКА,2226
data_ti_sprsti_710,22,30,КРАСИЛIВСЬКА ОДПI ГУ ДФС (М.СТАРОКОСТЯНТИНIВ),М.СТАРОКОСТЯНТИНIВ,2230
data_ti_sprsti_711,23,1,ДПI У М.ЧЕРКАСАХ ГУ ДФС У ЧЕРКАСЬКIЙ ОБЛАСТI,М.ЧЕРКАСИ,2301
data_ti_sprsti_712,23,2,ДПI У МIС.ЧЕРКАСИ,ПРИДНIПРОВСЬКИЙ Р-Н М.ЧЕРКАСИ,0
data_ti_sprsti_713,23,3,ДПI У МIС.ЧЕРКАСИ,СОСНIВСЬКИЙ Р-Н М.ЧЕРКАСИ,0
data_ti_sprsti_714,23,4,СМIЛЯНСЬКА ОДПI ГУ ДФС У ЧЕРКАСЬКIЙ ОБЛАСТI,М.СМIЛА,2304
data_ti_sprsti_715,23,5,УМАНСЬКА ОДПI ГУ ДФС У ЧЕРКАСЬКIЙ ОБЛАСТI,М.УМАНЬ,2305
data_ti_sprsti_716,23,6,ЧЕРКАСЬКА ОДПI (КАНIВСЬКЕ ВIДДIЛЕННЯ),М.КАНIВ,2306
data_ti_sprsti_717,23,7,ЗВЕНИГОРОДСЬКА ОБ'ЄДНАНА ДПI (ВАТУТIНСЬКЕ ВIДДIЛЕННЯ),М.ВАТУТIНЕ,2307
data_ti_sprsti_718,23,8,ЗОЛОТОНIСЬКА ОДПI ГУ ДФС У ЧЕРКАСЬКIЙ ОБЛАСТI,М.ЗОЛОТОНОША,2308
data_ti_sprsti_719,23,9,СМIЛЯНСЬКА ОБ'ЄДНАНА ДПI (ГОРОДИЩЕНСЬКЕ ВIДДIЛЕННЯ),ГОРОДИЩЕНСЬКИЙ Р-Н,2309
data_ti_sprsti_720,23,10,ЗОЛОТОНIСЬКА ОБ'ЄДНАНА ДПI (ДРАБIВСЬКЕ ВIДДIЛЕННЯ),ДРАБIВСЬКИЙ Р-Н,2310
data_ti_sprsti_721,23,11,УМАНСЬКА ОБ'ЄДНАНА ДПI (ЖАШКIВСЬКЕ ВIДДIЛЕННЯ),ЖАШКIВСЬКИЙ Р-Н,2311
data_ti_sprsti_722,23,12,ЗВЕНИГОРОДСЬКА ОДПI ГУ ДФС У ЧЕРКАСЬКIЙ ОБЛАСТI,ЗВЕНИГОРОДСЬКИЙ Р-Н,2312
data_ti_sprsti_723,23,13,ЗОЛОТОНIСЬКА ОДПI ГУ ДФС У ЧЕРКАСЬКIЙ ОБЛАСТI,ЗОЛОТОНIСЬКИЙ Р-Н,2313
data_ti_sprsti_724,23,14,СМIЛЯНСЬКА ОДПI (КОРСУНЬ-ШЕВЧЕНКIВСЬКЕ ВIДДIЛЕННЯ),КОРСУНЬ-ШЕВЧЕНКIВСЬКИЙ Р-Н,2314
data_ti_sprsti_725,23,15,ЧЕРКАСЬКА ОДПI (КАНIВСЬКЕ ВIДДIЛЕННЯ Р-Н),КАНIВСЬКИЙ Р-Н,2315
data_ti_sprsti_726,23,16,СМIЛЯНСЬКА ОБ'ЄДНАНА ДПI (КАМ'ЯНСЬКЕ ВIДДIЛЕННЯ),КАМ'ЯНСЬКИЙ Р-Н,2316
data_ti_sprsti_727,23,17,ЗВЕНИГОРОДСЬКА ОДПI (КАТЕРИНОПIЛЬСЬКЕ  ВIДДIЛЕННЯ),КАТЕРИНОПIЛЬСЬКИЙ Р-Н,2317
data_ti_sprsti_728,23,18,ЗВЕНИГОРОДСЬКА ОБ'ЄДНАНА ДПI (ЛИСЯНСЬКЕ ВIДДIЛЕННЯ),ЛИСЯНСЬКИЙ Р-Н,2318
data_ti_sprsti_729,23,19,УМАНСЬКА ОБ'ЄДНАНА ДПI (МАНЬКIВСЬКЕ ВIДДIЛЕННЯ),МАНЬКIВСЬКИЙ Р-Н,2319
data_ti_sprsti_730,23,20,УМАНСЬКА ОБ'ЄДНАНА ДПI (МОНАСТИРИЩЕНСЬКЕ ВIДДIЛЕННЯ),МОНАСТЕРИЩЕНСЬКИЙ Р-Н,2320
data_ti_sprsti_731,23,21,СМIЛЯНСЬКА ОДПI ГУ ДФС У ЧЕРКАСЬКIЙ ОБЛАСТI,СМIЛЯНСЬКИЙ Р-Н,2321
data_ti_sprsti_732,23,22,ЗВЕНИГОРОДСЬКА ОДПI (ТАЛЬНIВСЬКЕ ВIДДIЛЕННЯ),ТАЛЬНIВСЬКИЙ Р-Н,2322
data_ti_sprsti_733,23,23,УМАНСЬКА ОДПI ГУ ДФС У ЧЕРКАСЬКIЙ ОБЛАСТI,УМАНСЬКИЙ Р-Н,2323
data_ti_sprsti_734,23,24,УМАНСЬКА ОБ'ЄДНАНА ДПI (ХРИСТИНIВСЬКЕ ВIДДIЛЕННЯ),ХРИСТИНIВСЬКИЙ Р-Н,2324
data_ti_sprsti_735,23,25,ЧЕРКАСЬКА ОДПI ГУ ДФС У ЧЕРКАСЬКIЙ ОБЛАСТI,ЧЕРКАСЬКИЙ Р-Н,2325
data_ti_sprsti_736,23,26,ЗОЛОТОНIСЬКА ОБ'ЄДНАНА ДПI (ЧОРНОБАЇВСЬКЕ ВIДДIЛЕННЯ),ЧОРНОБАЇВСЬКИЙ Р-Н,2326
data_ti_sprsti_737,23,27,ЧЕРКАСЬКА ОДПI (ЧИГИРИНСЬКЕ ВIДДIЛЕННЯ),ЧИГИРИНСЬКИЙ Р-Н,2327
data_ti_sprsti_738,23,28,СМIЛЯНСЬКА ОБ'ЄДНАНА ДПI (ШПОЛЯНСЬКЕ ВIДДIЛЕННЯ),ШПОЛЯНСЬКИЙ Р-Н,2328
data_ti_sprsti_739,24,1,ВИЖНИЦЬКА ОДПI ГУ ДФС У ЧЕРНIВЕЦЬКIЙ ОБЛ.,ВИЖНИЦЬКИЙ Р-Н,2401
data_ti_sprsti_740,24,2,НОВОСЕЛИЦЬКА ОДПI ГУ ДФС (ГЕРЦАЇВСЬКЕ ВIДДIЛЕННЯ),ГЕРЦАЇВСЬКИЙ Р-Н,2402
data_ti_sprsti_741,24,3,ЧЕРНIВЕЦЬКА ОДПI ГУ ДФС (ГЛИБОЦЬКЕ ВIДДIЛЕННЯ),ГЛИБОЦЬКИЙ Р-Н,2403
data_ti_sprsti_742,24,4,КIЦМАНСЬКА ОДПI ГУ ДФС (ЗАСТАВНIВСЬКЕ ВIДДIЛЕННЯ),ЗАСТАВНIВСЬКИЙ Р-Н,2404
data_ti_sprsti_743,24,5,СОКИРЯНСЬКА ОДПI ГУ ДФС (КЕЛЬМЕНЕЦЬКЕ ВIДДIЛЕННЯ),КЕЛЬМЕНЕЦЬКИЙ Р-Н,2405
data_ti_sprsti_744,24,6,КIЦМАНСЬКА ОДПI ГУ ДФС У ЧЕРНIВЕЦЬКIЙ ОБЛ.,КIЦМАНСЬКИЙ Р-Н,2406
data_ti_sprsti_745,24,7,НОВОСЕЛИЦЬКА ОДПI ГУ ДФС У ЧЕРНIВЕЦЬКIЙ ОБЛ.,НОВОСЕЛИЦЬКИЙ Р-Н,2407
data_ti_sprsti_746,24,8,ВИЖНИЦЬКА ОДПI ГУ ДФС (ПУТИЛЬСЬКЕ ВIДДIЛЕННЯ),ПУТИЛЬСЬКИЙ Р-Н,2408
data_ti_sprsti_747,24,9,СОКИРЯНСЬКА ОДПI ГУ ДФС У ЧЕРНIВЕЦЬКIЙ ОБЛ.,СОКИРЯНСЬКИЙ Р-Н,2409
data_ti_sprsti_748,24,10,ВИЖНИЦЬКА ОДПI ГУ ДФС (CТОРОЖИНЕЦЬКЕ ВIДДIЛЕННЯ),СТОРОЖИНЕЦЬКИЙ Р-Н,2410
data_ti_sprsti_749,24,11,НОВОСЕЛИЦЬКА ОДПI ГУ ДФС (ХОТИНСЬКЕ ВIДДIЛЕННЯ),ХОТИНСЬКИЙ Р-Н,2411
data_ti_sprsti_750,24,12,ЧЕРНIВЕЦЬКА ОДПI ГУ ДФС У ЧЕРНIВЕЦЬКIЙ ОБЛ.,М.ЧЕРНIВЦI,2412
data_ti_sprsti_751,24,50,СОКИРЯНСЬКА ОДПI ГУ ДФС (НОВОДНIСТРОВСЬКЕ ВIДДIЛЕННЯ),М.НОВОДНIСТРОВЬК,2450
data_ti_sprsti_752,24,63,ДПI У М.ЧЕРНIВЦI,ЛЕНIНСЬКИЙ Р-Н М.ЧЕРНIВЦI,2412
data_ti_sprsti_753,24,66,ДПI У М.ЧЕРНIВЦI,ПЕРШОТРАВНЕВИЙ Р-Н М.ЧЕРНIВЦI,2412
data_ti_sprsti_754,24,69,ДПI У М.ЧЕРНIВЦI,САДГIРСЬКИЙ Р-Н М.ЧЕРНIВЦI,2412
data_ti_sprsti_755,25,2,ПРИЛУЦЬКА ОДПI ГУ ДФС (БАХМАЦЬКЕ ВIДДIЛЕННЯ),БАХМАЦЬКИЙ Р-Н,2502
data_ti_sprsti_756,25,3,НIЖИНСЬКА ОДПI ГУ ДФС (БОБРОВИЦЬКЕ ВIДДIЛЕННЯ),БОБРОВИЦЬКИЙ Р-Н,2503
data_ti_sprsti_757,25,4,НIЖИНСЬКА ОДПI ГУ ДФС (БОРЗНЯНСЬКЕ ВIДДIЛЕННЯ),БОРЗНЯНСЬКИЙ Р-Н,2504
data_ti_sprsti_758,25,5,ПРИЛУЦЬКА ОДПI ГУ ДФС (ВАРВИНСЬКЕ ВIДДIЛЕННЯ),ВАРВИНСЬКИЙ Р-Н,2505
data_ti_sprsti_759,25,6,ЧЕРНIГIВСЬКА ОДПI ГУ ДФС ( ГОРОДНЯНСЬКЕ ВIДДIЛЕННЯ),ГОРОДНЯНСЬКИЙ Р-Н,2506
data_ti_sprsti_760,25,7,ПРИЛУЦЬКА ОДПI ГУ ДФС (IЧНЯНСЬКЕ ВIДДIЛЕННЯ),IЧНЯНСЬКИЙ Р-Н,2507
data_ti_sprsti_761,25,8,НIЖИНСЬКА ОДПI ГУ ДФС (КОЗЕЛЕЦЬКЕ ВIДДIЛЕННЯ),КОЗЕЛЕЦЬКИЙ Р-Н,2508
data_ti_sprsti_762,25,9,МЕНСЬКА ОДПI ГУ ДФС (КОРОПСЬКЕ ВIДДIЛЕННЯ),КОРОПСЬКИЙ Р-Н,2509
data_ti_sprsti_763,25,10,МЕНСЬКА ОДПI ГУ ДФС (КОРЮКIВСЬКЕ ВIДДIЛЕННЯ),КОРЮКIВСЬКИЙ Р-Н,2510
data_ti_sprsti_764,25,11,ЧЕРНIГIВСЬКА ОДПI ГУ ДФС (КУЛИКIВСЬКЕ ВIДДIЛЕННЯ),КУЛИКIВСЬКИЙ Р-Н,2511
data_ti_sprsti_765,25,12,МЕНСЬКА ОДПI ГУ ДФС У ЧЕРНIГIВСЬКIЙ ОБЛАСТI,МЕНСЬКИЙ Р-Н,2512
data_ti_sprsti_766,25,13,НIЖИНСЬКА ОДПI ГУ ДФС У ЧЕРНIГIВСЬКIЙ ОБЛАСТI,НIЖИНСЬКИЙ Р-Н,2513
data_ti_sprsti_767,25,14,МЕНСЬКА ОДПI ГУ ДФС  (НОВГОРОД-СIВЕРСЬКЕ ВIДДIЛЕННЯ),НОВГОРОД-СIВЕРСЬКИЙ Р-Н,2514
data_ti_sprsti_768,25,15,НIЖИНСЬКА ОДПI ГУ ДФС (НОСIВСЬКЕ ВIДДIЛЕННЯ),НОСIВСЬКИЙ Р-Н,2515
data_ti_sprsti_769,25,16,ПРИЛУЦЬКА ОДПI ГУ ДФС У ЧЕРНIГIВСЬКIЙ ОБЛАСТI,ПРИЛУЦЬКИЙ Р-Н,2516
data_ti_sprsti_770,25,17,ЧЕРНIГIВСЬКА ОДПI ГУ ДФС (РIПКИНСЬКЕ ВIДДIЛЕННЯ),РIПКИНСЬКИЙ Р-Н,2517
data_ti_sprsti_771,25,18,МЕНСЬКА ОДПI ГУ ДФС (СЕМЕНIВСЬКЕ ВIДДIЛЕННЯ),СЕМЕНIВСЬКИЙ Р-Н,2518
data_ti_sprsti_772,25,19,МЕНСЬКА ОДПI ГУ ДФС  (СОСНИЦЬКЕ ВIДДIЛЕННЯ),СОСНИЦЬКИЙ Р-Н,2519
data_ti_sprsti_773,25,20,ПРИЛУЦЬКА ОДПI ГУ ДФС (СРIБНЯНСЬКЕ ВIДДIЛЕННЯ),СРIБНЯНСЬКИЙ Р-Н,2520
data_ti_sprsti_774,25,21,ПРИЛУЦЬКА ОДПI ГУ ДФС (ТАЛАЛАЇВСЬКЕ ВIДДIЛЕННЯ),ТАЛАЛАЇВСЬКИЙ Р-Н,2521
data_ti_sprsti_775,25,22,ЧЕРНIГIВСЬКА ОДПI ГУ ДФС У ЧЕРНIГIВСЬКIЙ ОБЛАСТI,ЧЕРНIГIВСЬКИЙ Р-Н,2522
data_ti_sprsti_776,25,23,МЕНСЬКА ОДПI ГУ ДФС  (СНОВСЬКЕ ВIДДIЛЕННЯ),СНОВСЬКИЙ Р-Н,2523
data_ti_sprsti_777,25,24,НIЖИНСЬКА ОДПI ГУ ДФС (М.НIЖИН),М.НIЖИН,2524
data_ti_sprsti_778,25,25,ПРИЛУЦЬКА ОДПI ГУ ДФС У ЧЕРНIГIВСЬКIЙ ОБЛ. (М.ПРИЛУКИ),М.ПРИЛУКИ,2525
data_ti_sprsti_779,25,26,ЧЕРНIГIВСЬКА ОДПI ГУ ДФС  ( М.ЧЕРНIГIВ),М.ЧЕРНIГIВ,2526
data_ti_sprsti_780,25,27,ЧЕРНIГIВСЬКА ОДПI ГУ ДФС  ( ДЕСНЯНСЬКИЙ Р-Н М.ЧЕРНIГIВ,ДЕСНЯНСЬКИЙ Р-Н М.ЧЕРНIГIВ,0
data_ti_sprsti_781,25,28,ЧЕРНIГIВСЬКА ОДПI ГУ ДФС  ( Н-ЗАВОДСЬКИЙ Р-Н М.ЧЕРНIГI,НОВО-ЗАВОДСЬКИЙ Р-Н М.ЧЕРНIГIВ,0
data_ti_sprsti_782,25,29,МЕНСЬКА ОДПI ГУ ДФС (М.НОВГОРОД-СIВЕРСЬКИЙ),М.НОВГОРОД-СIВЕРСЬКИЙ,2529
data_ti_sprsti_783,26,1,ДПI У ВАТУТИНСЬКОМУ Р-НI М.КИЇВ,ВАТУТИНСЬКИЙ Р-Н М.КИЇВ,0
data_ti_sprsti_784,26,2,ДПI У ДАРНИЦЬКОМУ Р-НI М.КИЇВ,ДАРНИЦЬКИЙ Р-Н М.КИЇВ,0
data_ti_sprsti_785,26,3,ДПI У ДНIПРОВСЬКОМУ Р-НI М.КИЇВ,ДНIПРОВСЬКИЙ Р-Н М.КИЇВ,0
data_ti_sprsti_786,26,4,ДПI У ЖОВТНЕВОМУ Р-НI М.КИЇВ,ЖОВТНЕВИЙ Р-Н М.КИЇВ,0
data_ti_sprsti_787,26,5,ДПI У ЗАЛIЗНИЧНОМУ Р-НI М.КИЇВ,ЗАЛIЗНИЧНИЙ Р-Н М.КИЇВ,0
data_ti_sprsti_788,26,6,ДПI У ЛЕНIНГРАДСЬКОМУ Р-НI М.КИЇВ,ЛЕНIНГРАДСЬКИЙ Р-Н М.КИЇВ,0
data_ti_sprsti_789,26,7,ДПI У СТАРОКИЇВСЬКОМУ Р-НI М.КИЇВ,СТАРОКИЇВСЬКИЙ Р-Н М.КИЇВ,0
data_ti_sprsti_790,26,8,ДПI У МIНСЬКОМУ Р-НI М.КИЇВ,МIНСЬКИЙ Р-Н М.КИЇВ,0
data_ti_sprsti_791,26,9,ДПI У МОСКОВСЬКОМУ Р-НI М.КИЇВ,МОСКОВСЬКИЙ Р-Н М.КИЇВ,0
data_ti_sprsti_792,26,10,ДПI У ПЕЧЕРСЬКОМУ Р-НI М.КИЇВ,ПЕЧЕРСЬКИЙ Р-Н М.КИЇВ,0
data_ti_sprsti_793,26,11,ДПI У ПОДIЛЬСЬКОМУ Р-НI М.КИЇВ,ПОДIЛЬСЬКИЙ Р-Н М.КИЇВ,0
data_ti_sprsti_794,26,12,ДПI У РАДЯНСЬКОМУ Р-НI М.КИЇВ,РАДЯНСЬКИЙ Р-Н М.КИЇВ,0
data_ti_sprsti_795,26,13,ДПI У ХАРКIВСЬКОМУ Р-НI М.КИЇВ,ХАРКIВСЬКИЙ Р-Н М. КИЇВ,0
data_ti_sprsti_796,26,14,ДПI У ШЕВЧЕНКIВСЬКОМУ Р-НI М.КИЇВ,ШЕВЧЕНКIВСЬКИЙ Р-Н М.КИЇВ,0
data_ti_sprsti_797,26,50,ДПI У ГОЛОСIЇВСЬКОМУ РАЙОНI ГУ ДФС У М.КИЄВI,ГОЛОСIЇВСЬКИЙ Р-Н М.КИЄВА,2650
data_ti_sprsti_798,26,51,ДПI У ДАРНИЦЬКОМУ РАЙОНI ГУ ДФС У М.КИЄВI,ДАРНИЦЬКИЙ Р-Н М.КИЄВА,2651
data_ti_sprsti_799,26,52,ДПI У ДЕСНЯНСЬКОМУ РАЙОНI ГУ ДФС У М.КИЄВI,ДЕСНЯНСЬКИЙ Р-Н М.КИЄВА,2652
data_ti_sprsti_800,26,53,ДПI У ДНIПРОВСЬКОМУ РАЙОНI ГУ ДФС У М.КИЄВI,ДНIПРОВСЬКИЙ Р-Н М.КИЄВА,2653
data_ti_sprsti_801,26,54,ДПI В ОБОЛОНСЬКОМУ РАЙОНI ГУ ДФС У М.КИЄВI,ОБОЛОНСЬКИЙ Р-Н М.КИЄВА,2654
data_ti_sprsti_802,26,55,ДПI У ПЕЧЕРСЬКОМУ РАЙОНI ГУ  ДФС У М.КИЄВI,ПЕЧЕРСЬКИЙ Р-Н М.КИЄВА,2655
data_ti_sprsti_803,26,56,ДПI У ПОДIЛЬСЬКОМУ РАЙОНI ГУ ДФС У М.КИЄВI,ПОДIЛЬСЬКИЙ Р-Н М.КИЄВА,2656
data_ti_sprsti_804,26,57,ДПI У СВЯТОШИНСЬКОМУ РАЙОНI ГУ ДФС У М.КИЄВI,СВЯТОШИНСЬКИЙ Р-Н М.КИЄВА,2657
data_ti_sprsti_805,26,58,ДПI У СОЛОМ'ЯНСЬКОМУ РАЙОНI ГУ ДФС У М.КИЄВI,СОЛОМ'ЯНСЬКИЙ Р-Н М.КИЄВА,2658
data_ti_sprsti_806,26,59,ДПI У ШЕВЧЕНКIВСЬКОМУ РАЙОНI ГУ ДФС У М.КИЄВI,ШЕВЧЕНКIВСЬКИЙ Р-Н М.КИЄВА,2659
data_ti_sprsti_807,26,65,ОКРУЖНА ДПС - ЦО З ОБСЛУГОВУВАННЯ ВПП ДПС,СОЛОМ'ЯНСЬКИЙ Р-Н М.КИЄВА,2665
data_ti_sprsti_808,27,2,"ГЕНIЧЕСЬКА ОДПI(ВЕЗ КРИМ, ЛЕНIНСЬКИЙ Р-Н  М.СЕВАСТ.)",ЛЕНIНСЬКИЙ Р-Н М.СЕВАСТОПОЛЬ,2702
data_ti_sprsti_809,27,3,"ГЕНIЧЕСЬКА ОДПI(ВЕЗ КРИМ,  НАХИМIВСЬК.Р-Н М.СЕВАСТ.)",НАХИМIВСЬКИЙ Р-Н М.СЕВАСТОПОЛЯ,2703
data_ti_sprsti_810,27,4,"ГЕНIЧЕСЬКА ОДПI(ВЕЗ КРИМ,  БАЛАКЛАВ.Р-Н  М.СЕВАСТ.)",БАЛАКЛАВСЬКИЙ Р-Н М.СЕВАСТОПОЛЯ,2704
data_ti_sprsti_811,27,5,"ГЕНIЧЕСЬКА ОДПI(ВЕЗ КРИМ, ГАГАРIНСЬК.Р-Н  М.СЕВАСТ.)",ГАГАРIНСЬКИЙ Р-Н М.СЕВАСТОПОЛЬ,2705
data_ti_sprsti_812,28,1,ДНIПРОПЕТРОВСЬКE УПРАВЛIННЯ  ОФIСУ ВПП  ДФС,М.ДНIПРОПЕТРОВСЬК,2801
data_ti_sprsti_813,28,2,СДПI ГМК У М.КРИВОМУ РОЗI ДНIПРОПЕТРОВСЬКОЇ ОБЛ. ДПС,М.КРИВИЙ РIГ,2802
data_ti_sprsti_814,28,3,СДПI З ОВП У М. ДОНЕЦЬКУ МГУ ДФС,М.МАРIУПОЛЬ,2803
data_ti_sprsti_815,28,4,ЗАПОРIЗЬКЕ УПРАВЛIННЯ  ОФIСУ ВПП  ДФС,М.ЗАПОРIЖЖЯ,2804
data_ti_sprsti_816,28,5,СДПI З ОВП У М. ЛУГАНСЬКУ МГУ ДФС,М.СЄВЄРОДОНЕЦЬК,2805
data_ti_sprsti_817,28,6,ЛЬВIВСЬКЕ  УПРАВЛIННЯ  ОФIСУ ВПП  ДФС,М.ЛЬВIВ,2806
data_ti_sprsti_818,28,7,СДПI ВПП У МIС.МИКОЛАЄВI ДПС,М.МИКОЛАЇВ,2807
data_ti_sprsti_819,28,8,ОДЕСЬКЕ УПРАВЛIННЯ  ОФIСУ ВПП  ДФС,М.ОДЕСА,2808
data_ti_sprsti_820,28,9,ХАРКIВСЬКЕ  УПРАВЛIННЯ  ОФIСУ ВПП  ДФС,М.ХАРКIВ,2809
data_ti_sprsti_821,28,10,ОФIС ВЕЛИКИХ ПЛАТНИКIВ ДФС,ШЕВЧЕНКIВСЬКИЙ Р-Н М.КИЄВА,2810
data_ti_sprsti_822,28,11,СДПI ВПП В М.СIМФЕРОПОЛI,М.СIМФЕРОПОЛЬ,2811
